time,lon,lat,status,x_wind,y_wind,x_sea_water_velocity,y_sea_water_velocity
2021-06-02 16:41:00,-62.41,59.42667,0.0,5.561782,-0.34432247,0.09492589,-0.022054883
2021-06-02 17:41:00,-62.36649,59.426193,0.0,5.291324,-0.21329957,0.102271706,-0.031199113
2021-06-02 18:41:00,-62.3354,59.439594,0.0,5.126721,-0.06838737,0.110486835,-0.042197682
2021-06-02 19:41:00,-62.29124,59.42825,0.0,4.7154136,0.09770426,0.123419896,-0.0397301
2021-06-02 20:41:00,-62.26139,59.423393,0.0,4.3537583,0.5779757,0.13513952,-0.038425334
2021-06-02 21:41:00,-62.247414,59.423252,0.0,3.651906,1.0792689,0.1408044,-0.036562905
2021-06-02 22:41:00,-62.230957,59.43158,0.0,3.419939,1.8843594,0.14193045,-0.03349621
2021-06-02 23:41:00,-62.204857,59.43064,0.0,3.4256043,2.5626838,0.14758134,-0.027039101
2021-06-03 00:41:00,-62.18218,59.432236,0.0,3.599914,2.726341,0.150697,-0.025093768
2021-06-03 01:41:00,-62.142876,59.42998,0.0,3.880346,2.3534477,0.15429227,-0.020496815
2021-06-03 02:41:00,-62.120667,59.42243,0.0,4.0174193,1.7129722,0.16210175,-0.0196337
2021-06-03 03:41:00,-62.14127,59.425568,0.0,3.513196,1.373086,0.1593146,-0.02748443
2021-06-03 04:41:00,-62.112885,59.417515,0.0,2.5871396,1.7060304,0.16872957,-0.02519646
2021-06-03 05:41:00,-62.064713,59.404346,0.0,1.6732802,2.5204077,0.16275007,-0.017206427
2021-06-03 06:41:00,-62.0508,59.402077,0.0,1.0542638,3.5773058,0.1606884,-0.01755852
2021-06-03 07:41:00,-62.01487,59.413948,0.0,0.92099166,4.535439,0.16152674,-0.012447478
2021-06-03 08:41:00,-61.99868,59.41927,0.0,1.1107026,5.4091816,0.15715829,-0.010922799
2021-06-03 09:41:00,-61.996967,59.408424,0.0,1.0601997,5.949989,0.15879637,-0.015184269
2021-06-03 10:41:00,-61.98673,59.41496,0.0,0.8945043,6.3962884,0.15965146,-0.015963703
2021-06-03 11:41:00,-61.95284,59.430542,0.0,0.5888905,6.82106,0.13651496,-0.0096272575
2021-06-03 12:41:00,-61.944904,59.43613,0.0,-0.31641746,6.771735,0.12914714,-0.009306127
2021-06-03 13:41:00,-61.94978,59.433372,0.0,-1.7099961,6.6317053,0.134215,-0.013624538
2021-06-03 14:41:00,-61.968132,59.456432,0.0,-2.863245,7.1046724,0.10711606,-0.013217449
2021-06-03 15:41:00,-61.973755,59.46343,0.0,-3.602653,7.7366657,0.09894746,-0.015357163
2021-06-03 16:41:00,-61.993923,59.481953,0.0,-4.3431373,8.033714,0.07470343,-0.018143052
2021-06-03 17:41:00,-62.024128,59.494408,0.0,-4.799692,8.713924,0.06323428,-0.026381636
2021-06-03 18:41:00,-62.046967,59.513645,0.0,-4.9334655,9.688317,0.046860546,-0.036962666
2021-06-03 19:41:00,-62.066837,59.523926,0.0,-5.1967545,10.066398,0.038497962,-0.046860848
2021-06-03 20:41:00,-62.081806,59.547714,0.0,-5.8751636,10.008061,0.010099471,-0.056755293
2021-06-03 21:41:00,-62.10058,59.57075,0.0,-6.7338395,9.766897,-0.01848479,-0.06702765
2021-06-03 22:41:00,-62.13604,59.588528,0.0,-7.505497,9.964209,-0.030722868,-0.08029716
2021-06-03 23:41:00,-62.177788,59.607464,0.0,-7.7390203,10.22905,-0.012878775,-0.09262707
2021-06-04 00:41:00,-62.22255,59.61677,0.0,-7.565237,10.099782,0.0010150971,-0.09402799
2021-06-04 01:41:00,-62.250263,59.635426,0.0,-6.647704,9.437071,0.0110343825,-0.089014895
2021-06-04 02:41:00,-62.2981,59.657497,0.0,-5.281927,8.232845,0.026133383,-0.07660898
2021-06-04 03:41:00,-62.325577,59.67166,0.0,-4.3671074,6.8079634,0.033912156,-0.067474246
2021-06-04 04:41:00,-62.322773,59.681984,0.0,-3.8829648,5.7558756,0.039494403,-0.06707922
2021-06-04 05:41:00,-62.311157,59.679043,0.0,-3.5014694,5.1634874,0.03646807,-0.06786918
2021-06-04 06:41:00,-62.309433,59.678764,0.0,-2.8145666,4.636809,0.035681333,-0.066755176
2021-06-04 07:41:00,-62.324974,59.677876,0.0,0.45634067,3.128152,0.035383362,-0.061744496
2021-06-04 08:41:00,-62.32643,59.678535,0.0,4.7377996,-1.2332835,0.035298787,-0.05993593
2021-06-04 09:41:00,-62.334156,59.680576,0.0,5.648188,-4.286476,0.036319528,-0.05684761
2021-06-04 10:41:00,-62.312946,59.65935,0.0,4.9096994,-4.189419,0.023536755,-0.061082892
2021-06-04 11:41:00,-62.280262,59.664993,0.0,4.670274,-2.8323107,0.021301795,-0.06440532
2021-06-04 12:41:00,-62.253845,59.65695,0.0,5.0868545,-1.4917519,0.013880392,-0.06992284
2021-06-04 13:41:00,-62.2603,59.65958,0.0,6.2000537,-0.21328038,0.015658526,-0.066903345
2021-06-04 14:41:00,-62.25144,59.6646,0.0,7.187524,0.49256825,0.017313223,-0.06672044
2021-06-04 15:41:00,-62.22791,59.668434,0.0,7.774291,0.0085977465,0.025694175,-0.07467723
2021-06-04 16:41:00,-62.19882,59.669086,0.0,7.8920336,-0.93222034,0.034143545,-0.085564405
2021-06-04 17:41:00,-62.17424,59.676105,0.0,7.796556,-1.5398756,0.04922025,-0.09744875
2021-06-04 18:41:00,-62.147755,59.671204,0.0,7.539654,-1.737853,0.053736433,-0.10651628
2021-06-04 19:41:00,-62.096134,59.652466,0.0,6.8449945,-1.8307085,0.05027187,-0.11779316
2021-06-04 20:41:00,-62.09609,59.651253,0.0,5.8932276,-1.511857,0.049119968,-0.11728259
2021-06-04 21:41:00,-62.09931,59.658413,0.0,5.000539,-1.0116893,0.0592936,-0.1212339
2021-06-04 22:41:00,-62.094257,59.645878,0.0,4.168995,-0.2414407,0.04279891,-0.11477102
2021-06-04 23:41:00,-62.057476,59.651775,0.0,3.5145826,0.8906248,0.067165,-0.12937385
2021-06-05 00:41:00,-62.021477,59.65382,0.0,2.7426775,2.2546248,0.08507945,-0.13957293
2021-06-05 01:41:00,-62.02628,59.664524,0.0,2.6553717,3.3915064,0.1006833,-0.14808066
2021-06-05 02:41:00,-62.020115,59.667812,0.0,3.3114517,3.9621916,0.10662152,-0.15150751
2021-06-05 03:41:00,-61.992535,59.66454,0.0,4.124687,4.010373,0.11264026,-0.15262768
2021-06-05 04:41:00,-61.96675,59.669582,0.0,4.2821865,4.0843344,0.11906204,-0.14456591
2021-06-05 05:41:00,-61.943317,59.65957,0.0,3.9290767,4.52232,0.11517433,-0.13569768
2021-06-05 06:41:00,-61.921677,59.66904,0.0,3.5778124,5.1572847,0.12467124,-0.12865326
2021-06-05 07:41:00,-61.914356,59.668575,0.0,3.3641996,5.6525245,0.12420026,-0.12572768
2021-06-05 08:41:00,-61.902966,59.684437,0.0,3.2587724,5.726443,0.0956514,-0.105486095
2021-06-05 09:41:00,-61.876637,59.690228,0.0,2.7039237,5.1129045,0.0750594,-0.09088978
2021-06-05 10:41:00,-61.87584,59.696224,0.0,2.1811059,4.827177,0.06273895,-0.08375971
2021-06-05 11:41:00,-61.87611,59.698082,0.0,2.0278687,4.584789,0.058030672,-0.080712765
2021-06-05 12:41:00,-61.87676,59.704548,0.0,1.9524019,4.313054,0.046242964,-0.073275395
2021-06-05 13:41:00,-61.860256,59.704144,0.0,1.6843171,4.0812407,0.036979683,-0.06753538
2021-06-05 14:41:00,-61.84782,59.6969,0.0,1.4583619,4.064001,0.040730767,-0.069078594
2021-06-05 15:41:00,-61.864136,59.701244,0.0,1.5578952,3.995306,0.04016844,-0.06840493
2021-06-05 16:41:00,-61.85535,59.706993,0.0,1.7919261,3.5584164,0.025011275,-0.05865596
2021-06-05 17:41:00,-61.813858,59.714897,0.0,2.0129755,2.95269,-0.005896345,-0.054186396
2021-06-05 18:41:00,-61.824024,59.723804,0.0,2.090592,2.3743618,-0.016482066,-0.039138358
2021-06-05 19:41:00,-61.840984,59.720627,0.0,2.112327,1.9032023,-0.0068170885,-0.03607166
2021-06-05 20:41:00,-61.83884,59.73357,0.0,2.269312,1.5759891,-0.026302772,-0.020840079
2021-06-05 21:41:00,-61.847713,59.727516,0.0,2.2217004,1.3653139,-0.013800188,-0.027225431
2021-06-05 22:41:00,-61.84647,59.722218,0.0,2.0460737,1.3155141,-0.0085462015,-0.030396152
2021-06-05 23:41:00,-61.82686,59.713593,0.0,1.9893315,1.2035998,-0.008687955,-0.03742939
2021-06-06 00:41:00,-61.841873,59.709583,0.0,2.0975316,0.92529017,0.0025048917,-0.038203746
2021-06-06 01:41:00,-61.846466,59.723206,0.0,2.2158184,0.39536536,-0.010281,-0.023509031
2021-06-06 02:41:00,-61.829803,59.722942,0.0,1.9431424,-0.24398828,-0.017599827,-0.019622082
2021-06-06 03:41:00,-61.847115,59.728256,0.0,1.2345471,-0.69582295,-0.014891278,-0.014498854
2021-06-06 04:41:00,-61.862103,59.71539,0.0,0.32103133,-0.67556936,0.008320238,-0.03176773
2021-06-06 05:41:00,-61.844536,59.716225,0.0,-0.5624717,-0.19453883,-0.002361268,-0.021839082
2021-06-06 06:41:00,-61.83221,59.718105,0.0,-1.0733254,0.6749682,-0.010703284,-0.013650502
2021-06-06 07:41:00,-61.82128,59.71367,0.0,-1.0605987,1.4802598,-0.009145685,-0.02114611
2021-06-06 08:41:00,-61.838512,59.719704,0.0,-0.63575643,2.1934114,-0.008596005,-0.009295522
2021-06-06 09:41:00,-61.850983,59.716057,0.0,0.3345967,2.3979013,0.002435768,-0.016876034
2021-06-06 10:41:00,-61.856213,59.717358,0.0,0.9666604,2.4988909,0.0042591197,-0.01625583
2021-06-06 11:41:00,-61.85876,59.707985,0.0,0.971653,2.517948,0.015519394,-0.025217725
2021-06-06 12:41:00,-61.865177,59.69179,0.0,0.90304637,2.7510738,0.035719432,-0.043198444
2021-06-06 13:41:00,-61.851627,59.67985,0.0,1.1819776,3.0388656,0.0394059,-0.045566414
2021-06-06 14:41:00,-61.863243,59.68066,0.0,2.070901,2.9951336,0.045214355,-0.049445927
2021-06-06 15:41:00,-61.86744,59.692474,0.0,3.293103,2.1435533,0.03587361,-0.038318127
2021-06-06 16:41:00,-61.878475,59.69394,0.0,4.242777,0.545446,0.040617272,-0.04182344
2021-06-06 17:41:00,-61.86932,59.682625,0.0,4.359523,-0.87955517,0.04589715,-0.045467466
2021-06-06 18:41:00,-61.851936,59.67737,0.0,4.0977516,-1.3573748,0.040400803,-0.037661847
2021-06-06 19:41:00,-61.831944,59.679634,0.0,3.990547,-1.1443228,0.026555292,-0.021210086
2021-06-06 20:41:00,-61.79174,59.6867,0.0,4.0816813,-0.8671052,-0.0018531037,-0.01212253
2021-06-06 21:41:00,-61.790794,59.682552,0.0,3.5952182,-0.83290887,-0.00024055247,-0.011524221
2021-06-06 22:41:00,-61.768894,59.68544,0.0,3.4772968,-0.8590424,-0.013754866,-0.0059719523
2021-06-06 23:41:00,-61.754883,59.67136,0.0,3.5076284,-0.9719144,-0.018399853,-0.0053483364
2021-06-07 00:41:00,-61.751102,59.66393,0.0,3.4339375,-0.8585497,-0.01772479,-0.005519783
2021-06-07 01:41:00,-61.742836,59.661488,0.0,3.2076018,-0.53537834,-0.018731207,-0.0075756796
2021-06-07 02:41:00,-61.725555,59.662518,0.0,3.0107584,-0.25755474,-0.02567522,-0.010546658
2021-06-07 03:41:00,-61.710873,59.657864,0.0,2.739906,-0.17575048,-0.024979025,-0.01511378
2021-06-07 04:41:00,-61.72279,59.653645,0.0,2.5732002,0.04781184,-0.019113807,-0.013732437
2021-06-07 05:41:00,-61.720577,59.655632,0.0,2.7596455,0.4017535,-0.02408272,-0.012833883
2021-06-07 06:41:00,-61.68381,59.65471,0.0,2.791717,0.6034548,-0.033311076,-0.020041626
2021-06-07 07:41:00,-61.695927,59.651524,0.0,2.6246953,0.5656569,-0.028795537,-0.018079998
2021-06-07 08:41:00,-61.700676,59.65466,0.0,2.2957392,0.30294785,-0.03359986,-0.015474069
2021-06-07 09:41:00,-61.722614,59.654636,0.0,1.7691356,-0.31232086,-0.030493982,-0.01062958
2021-06-07 10:41:00,-61.71993,59.655716,0.0,0.9925742,-0.49401325,-0.03441141,-0.01018109
2021-06-07 11:41:00,-61.730053,59.653404,0.0,-0.309111,-0.4952491,-0.03133161,-0.00862848
2021-06-07 12:41:00,-61.754208,59.64958,0.0,-1.9804635,-0.36049587,-0.021966366,-0.0072269314
2021-06-07 13:41:00,-61.766804,59.653133,0.0,-3.2722466,0.43163544,-0.02076585,-0.0083764065
2021-06-07 14:41:00,-61.79052,59.660355,0.0,-4.2393,1.8223871,-0.015297058,-0.010600945
2021-06-07 15:41:00,-61.776115,59.647385,0.0,-5.171676,3.2756028,-0.0144438045,-0.012531901
2021-06-07 16:41:00,-61.781044,59.657673,0.0,-6.0032783,4.155329,-0.022673663,-0.008581761
2021-06-07 17:41:00,-61.806274,59.66203,0.0,-6.7832594,4.6436744,-0.012757614,-0.012538128
2021-06-07 18:41:00,-61.827415,59.66853,0.0,-7.6418343,4.9112825,-0.0055949143,-0.0137102455
2021-06-07 19:41:00,-61.855587,59.66575,0.0,-8.266864,4.8584785,0.009532273,-0.031095624
2021-06-07 20:41:00,-61.86453,59.683754,0.0,-8.715022,4.6460724,-0.0022945604,-0.022693466
2021-06-07 21:41:00,-61.9063,59.682617,0.0,-8.796698,4.5640144,0.01831902,-0.051002517
2021-06-07 22:41:00,-61.92733,59.68715,0.0,-9.136894,4.180044,0.020731695,-0.062491015
2021-06-07 23:41:00,-61.955845,59.692715,0.0,-9.943715,3.4467,0.022983124,-0.08117515
2021-06-08 00:41:00,-61.980934,59.704433,0.0,-10.709818,2.7894382,0.024798935,-0.09913751
2021-06-08 01:41:00,-62.03253,59.698822,0.0,-11.098469,2.1707706,0.035977334,-0.12906876
2021-06-08 02:41:00,-62.099197,59.70628,0.0,-11.116373,1.1696392,0.038618315,-0.14069694
2021-06-08 03:41:00,-62.159843,59.702785,0.0,-10.870846,0.0033832043,0.02904299,-0.119288124
2021-06-08 04:41:00,-62.21051,59.70109,0.0,-10.505353,-1.0105603,0.017475445,-0.092941955
2021-06-08 05:41:00,-62.27995,59.70013,0.0,-10.161388,-1.6234157,0.005669568,-0.05928824
2021-06-08 06:41:00,-62.311028,59.698368,0.0,-9.384029,-1.9218427,0.002925835,-0.04894147
2021-06-08 07:41:00,-62.349888,59.69659,0.0,-8.094425,-2.225648,0.0020430246,-0.039504066
2021-06-08 08:41:00,-62.370594,59.67296,0.0,-6.761949,-2.6750352,-0.017224364,-0.03847
2021-06-08 09:41:00,-62.362675,59.6731,0.0,-6.184336,-2.9588408,-0.01580891,-0.041921843
2021-06-08 10:41:00,-62.391735,59.66686,0.0,-5.7997193,-2.990261,-0.018425006,-0.041879192
2021-06-08 11:41:00,-62.402103,59.662766,0.0,-5.0028105,-2.8148623,-0.01811508,-0.043830156
2021-06-08 12:41:00,-62.44718,59.67561,0.0,-3.7012322,-2.7182257,-0.0025904858,-0.042331234
2021-06-08 13:41:00,-62.458244,59.680637,0.0,-2.4065785,-2.8165264,0.005121475,-0.04333807
2021-06-08 14:41:00,-62.474804,59.689354,0.0,-1.6025023,-3.0373716,0.017189162,-0.042993434
2021-06-08 15:41:00,-62.474636,59.690567,0.0,-1.3583729,-3.3603392,0.02039639,-0.04513632
2021-06-08 16:41:00,-62.49422,59.69588,0.0,-1.4121099,-3.5647159,0.029458627,-0.044782866
2021-06-08 17:41:00,-62.487347,59.701572,0.0,-1.379095,-3.5114841,0.037090506,-0.046382368
2021-06-08 18:41:00,-62.499798,59.693634,0.0,-1.2095416,-3.2831767,0.03150999,-0.04958746
2021-06-08 19:41:00,-62.468037,59.68148,0.0,-0.9430256,-3.1041396,0.017776836,-0.057086013
2021-06-08 20:41:00,-62.473473,59.68612,0.0,-0.4978025,-2.9692726,0.025184985,-0.05812996
2021-06-08 21:41:00,-62.474224,59.686474,0.0,0.19568053,-2.5069091,0.02754644,-0.06039081
2021-06-08 22:41:00,-62.48117,59.68535,0.0,0.9940752,-2.3577816,0.028698996,-0.06250487
2021-06-08 23:41:00,-62.500553,59.693806,0.0,1.7437372,-2.495788,0.041756347,-0.061234523
2021-06-09 00:41:00,-62.500042,59.68393,0.0,2.225154,-2.7845423,0.033028893,-0.06523853
2021-06-09 01:41:00,-62.487434,59.67517,0.0,2.436419,-3.1165977,0.0250703,-0.06922967
2021-06-09 02:41:00,-62.50506,59.659138,0.0,2.4348624,-3.4603086,0.01486521,-0.0727254
2021-06-09 03:41:00,-62.49282,59.651703,0.0,2.2769864,-3.696618,0.012472155,-0.07614775
2021-06-09 04:41:00,-62.493587,59.653397,0.0,1.9203546,-3.768707,0.016330048,-0.07660041
2021-06-09 05:41:00,-62.509857,59.64138,0.0,1.6695402,-3.6385336,0.011981916,-0.07915291
2021-06-09 06:41:00,-62.515774,59.635914,0.0,1.8416803,-3.3757923,0.0110240895,-0.080688074
2021-06-09 07:41:00,-62.516262,59.627747,0.0,2.344993,-3.1306634,0.007711458,-0.083391234
2021-06-09 08:41:00,-62.516228,59.620907,0.0,2.8042428,-3.0107617,0.0049304566,-0.08580018
2021-06-09 09:41:00,-62.525234,59.608513,0.0,3.236382,-3.658824,-0.0014287075,-0.08853212
2021-06-09 10:41:00,-62.518505,59.59436,0.0,3.121451,-3.7291923,-0.01106694,-0.09322399
2021-06-09 11:41:00,-62.534225,59.584522,0.0,2.8446155,-3.559926,-0.015369413,-0.09456715
2021-06-09 12:41:00,-62.535973,59.594677,0.0,2.8524609,-3.6790037,-0.006303253,-0.09286243
2021-06-09 13:41:00,-62.545345,59.594635,0.0,2.6727257,-3.7205782,-0.004030961,-0.092693254
2021-06-09 14:41:00,-62.533226,59.578403,0.0,2.3999345,-3.6448026,-0.012215013,-0.09729048
2021-06-09 15:41:00,-62.521957,59.562416,0.0,2.1494253,-3.5675294,-0.009056797,-0.09978083
2021-06-09 16:41:00,-62.562645,59.56022,0.0,2.1192455,-3.4979813,-0.0032133614,-0.09609698
2021-06-09 17:41:00,-62.589424,59.55702,0.0,2.1688912,-3.5233138,0.0009656786,-0.093050316
2021-06-09 18:41:00,-62.59971,59.563015,0.0,2.4786806,-3.6887512,0.0019051798,-0.09106472
2021-06-09 19:41:00,-62.58288,59.55256,0.0,2.944215,-4.08639,0.002753264,-0.096320316
2021-06-09 20:41:00,-62.591194,59.535244,0.0,3.338777,-4.5598984,0.0065292707,-0.09512115
2021-06-09 21:41:00,-62.594273,59.523983,0.0,3.7358267,-5.0988464,0.008783213,-0.095210284
2021-06-09 22:41:00,-62.59454,59.51473,0.0,4.123112,-5.328102,0.010519524,-0.09602528
2021-06-09 23:41:00,-62.57909,59.506126,0.0,4.501602,-5.2754154,0.0114819985,-0.10026341
2021-06-10 00:41:00,-62.58238,59.48354,0.0,4.572309,-4.9473085,0.016569657,-0.0974529
2021-06-10 01:41:00,-62.553444,59.46729,0.0,4.755449,-4.732159,0.020388428,-0.09862785
2021-06-10 02:41:00,-62.553925,59.452507,0.0,4.99697,-4.7327614,0.024867492,-0.096070975
2021-06-10 03:41:00,-62.570957,59.437893,0.0,5.2235603,-4.862726,0.027788974,-0.09055477
2021-06-10 04:41:00,-62.566326,59.43137,0.0,5.66155,-4.991704,0.029387433,-0.0893851
2021-06-10 05:41:00,-62.54197,59.419537,0.0,6.1850615,-4.9852695,0.035884738,-0.09187824
2021-06-10 06:41:00,-62.51134,59.40969,0.0,6.6195364,-4.7863507,0.038673304,-0.0940147
2021-06-10 07:41:00,-62.49275,59.398407,0.0,6.7335367,-4.294208,0.036707688,-0.09189647
2021-06-10 08:41:00,-62.47668,59.38381,0.0,6.7409477,-3.59337,0.034371,-0.088933334
2021-06-10 09:41:00,-62.462303,59.36498,0.0,5.920649,-2.3683019,0.035052728,-0.08779153
2021-06-10 10:41:00,-62.4441,59.349678,0.0,5.72854,-1.3200703,0.03938609,-0.090744674
2021-06-10 11:41:00,-62.418163,59.341385,0.0,5.9242144,-0.5725035,0.046879824,-0.09830593
2021-06-10 12:41:00,-62.402596,59.339268,0.0,5.7535243,0.15494013,0.04527967,-0.10192199
2021-06-10 13:41:00,-62.378643,59.32225,0.0,5.375508,0.82176685,0.042149846,-0.106040105
2021-06-10 14:41:00,-62.368652,59.32466,0.0,5.2229137,1.2338688,0.039740935,-0.10870865
2021-06-10 15:41:00,-62.381264,59.323765,0.0,4.9614058,1.0835875,0.038253568,-0.10339164
2021-06-10 16:41:00,-62.40336,59.31216,0.0,4.42657,0.5416951,0.035103187,-0.0918358
2021-06-10 17:41:00,-62.39367,59.29564,0.0,3.740414,-0.15349987,0.029867195,-0.08892021
2021-06-10 18:41:00,-62.402046,59.280197,0.0,3.0152612,-0.8705896,0.02412669,-0.08063368
2021-06-10 19:41:00,-62.3736,59.277176,0.0,2.531672,-1.4807489,0.028326605,-0.089639924
2021-06-10 20:41:00,-62.362503,59.270588,0.0,2.0264018,-1.8017509,0.030298177,-0.09180391
2021-06-10 21:41:00,-62.366146,59.253254,0.0,0.54584354,-1.0483912,0.030558318,-0.08654447
2021-06-10 22:41:00,-62.37078,59.24372,0.0,0.12063937,-0.57156014,0.025266388,-0.078716636
2021-06-10 23:41:00,-62.35875,59.249424,0.0,0.38130647,-0.81922424,0.033377346,-0.088249266
2021-06-11 00:41:00,-62.337227,59.25231,0.0,0.601542,-1.2836908,0.042709537,-0.097792976
2021-06-11 01:41:00,-62.346004,59.239437,0.0,0.6169786,-1.3754699,0.034352757,-0.084593706
2021-06-11 02:41:00,-62.334675,59.23818,0.0,0.6931797,-0.9235521,0.039080877,-0.08771214
2021-06-11 03:41:00,-62.360554,59.237045,0.0,0.7269336,-0.3467866,0.02874382,-0.07692929
2021-06-11 04:41:00,-62.348045,59.23445,0.0,0.9110458,0.13635635,0.033162262,-0.079390116
2021-06-11 05:41:00,-62.349655,59.225395,0.0,0.9980751,0.49588835,0.028354244,-0.07154886
2021-06-11 06:41:00,-62.369694,59.229107,0.0,0.9753752,0.6752764,0.023800012,-0.06764987
2021-06-11 07:41:00,-62.37289,59.225266,0.0,0.7803722,0.62859625,0.02164405,-0.06383063
2021-06-11 08:41:00,-62.346096,59.22857,0.0,0.55508506,0.0710784,0.034199823,-0.07536097
2021-06-11 09:41:00,-62.33984,59.226917,0.0,-0.018580914,-1.5039055,0.03650573,-0.07618466
2021-06-11 10:41:00,-62.317844,59.23638,0.0,-0.42978323,-2.9335403,0.048167445,-0.088389456
2021-06-11 11:41:00,-62.305336,59.23566,0.0,-0.5592331,-3.521068,0.050747886,-0.09015021
2021-06-11 12:41:00,-62.33813,59.230778,0.0,-0.66709846,-3.5757713,0.04182168,-0.07948157
2021-06-11 13:41:00,-62.342247,59.226013,0.0,-0.6387458,-3.491373,0.03882048,-0.07484968
2021-06-11 14:41:00,-62.330433,59.199917,0.0,-0.64653623,-3.3614945,0.030705405,-0.06062916
2021-06-11 15:41:00,-62.341217,59.19738,0.0,-0.45329982,-3.2488852,0.027056426,-0.056177683
2021-06-11 16:41:00,-62.350254,59.18223,0.0,-0.30713537,-3.0621433,0.01799101,-0.043989033
2021-06-11 17:41:00,-62.339436,59.180576,0.0,0.13576247,-2.8825836,0.022074252,-0.046912298
2021-06-11 18:41:00,-62.35502,59.17914,0.0,0.57177776,-2.4493208,0.017489387,-0.041833263
2021-06-11 19:41:00,-62.34334,59.175793,0.0,0.9434886,-2.0252626,0.02120969,-0.044138305
2021-06-11 20:41:00,-62.331116,59.173122,0.0,1.1426344,-1.7377996,0.02586742,-0.047290333
2021-06-11 21:41:00,-62.336033,59.161034,0.0,1.1441009,-1.4439865,0.020382322,-0.040571667
2021-06-11 22:41:00,-62.33639,59.15973,0.0,1.2052195,-1.239222,0.0211578,-0.04082847
2021-06-11 23:41:00,-62.322266,59.156174,0.0,1.2767717,-1.3566586,0.027483296,-0.04531238
2021-06-12 00:41:00,-62.314045,59.14584,0.0,1.331898,-1.5911021,0.028008575,-0.043374155
2021-06-12 01:41:00,-62.324142,59.141876,0.0,1.5388486,-1.8498778,0.023634288,-0.036656525
2021-06-12 02:41:00,-62.338135,59.144966,0.0,1.8843839,-2.3594327,0.021512853,-0.031670064
2021-06-12 03:41:00,-62.32921,59.143536,0.0,2.3077664,-3.0527403,0.025897969,-0.03260494
2021-06-12 04:41:00,-62.321217,59.154408,0.0,2.768031,-3.8405862,0.03616994,-0.038833153
2021-06-12 05:41:00,-62.323704,59.131588,0.0,2.923865,-4.4661865,0.026535608,-0.02668078
2021-06-12 06:41:00,-62.31612,59.124554,0.0,2.94641,-4.8034205,0.027822835,-0.02503578
2021-06-12 07:41:00,-62.318913,59.109905,0.0,2.8939447,-4.852604,0.02183872,-0.016077612
2021-06-12 08:41:00,-62.320866,59.104362,0.0,2.8757584,-4.7298546,0.020603528,-0.011362622
2021-06-12 09:41:00,-62.323833,59.1162,0.0,2.9555714,-4.446046,0.02699096,-0.013928158
2021-06-12 10:41:00,-62.333107,59.103912,0.0,2.8864763,-4.396995,0.020943236,-0.0032558097
2021-06-12 11:41:00,-62.362392,59.100082,0.0,2.9182327,-4.516865,0.017461661,0.006931356
2021-06-12 12:41:00,-62.387566,59.09035,0.0,2.9950984,-4.6640615,0.0141135445,0.017820744
2021-06-12 13:41:00,-62.386757,59.079395,0.0,2.894818,-4.742637,0.015456179,0.021183431
2021-06-12 14:41:00,-62.356247,59.081448,0.0,2.7274816,-4.808404,0.018642904,0.01734324
2021-06-12 15:41:00,-62.332256,59.069057,0.0,2.4134383,-4.920046,0.023004225,0.013435952
2021-06-12 16:41:00,-62.31166,59.067024,0.0,1.9696939,-4.7093277,0.027713131,0.007680659
2021-06-12 17:41:00,-62.297203,59.069466,0.0,1.4903243,-4.270348,0.03169136,0.0037572943
2021-06-12 18:41:00,-62.308384,59.061615,0.0,1.039183,-3.8720753,0.03172661,0.010162941
2021-06-12 19:41:00,-62.29398,59.03771,0.0,0.680565,-3.512794,0.03335107,0.009914747
2021-06-12 20:41:00,-62.27034,59.03879,0.0,0.43979198,-3.077848,0.036193043,0.005121958
2021-06-12 21:41:00,-62.269867,59.03773,0.0,0.11799534,-2.6566527,0.03783824,0.006888343
2021-06-12 22:41:00,-62.284073,59.032852,0.0,-0.2486439,-2.090016,0.038415603,0.013425163
2021-06-12 23:41:00,-62.266834,59.041283,0.0,-0.28863066,-1.3820461,0.042302463,0.008320124
2021-06-13 00:41:00,-62.225567,59.039593,0.0,-0.11545628,-0.5972035,0.049003005,-0.0065442026
2021-06-13 01:41:00,-62.23322,59.034508,0.0,0.16713488,0.24294752,0.04567643,-0.002274386
2021-06-13 02:41:00,-62.245426,59.033348,0.0,0.28948647,1.0789392,0.042960007,0.0022488674
2021-06-13 03:41:00,-62.23626,59.033268,0.0,0.28199428,1.8207552,0.04490706,-0.0024381643
2021-06-13 04:41:00,-62.21611,59.032104,0.0,0.25097182,2.2752042,0.04866405,-0.011257097
2021-06-13 05:41:00,-62.21706,59.02842,0.0,0.0511894,2.4409156,0.047094464,-0.010220037
2021-06-13 06:41:00,-62.23725,59.017483,0.0,-0.4436432,2.5531545,0.03981847,0.0015621979
2021-06-13 07:41:00,-62.251575,59.02908,0.0,-0.93560696,2.6516094,0.04133153,0.0016855998
2021-06-13 08:41:00,-62.235867,59.0415,0.0,-1.2249185,2.6672182,0.048474453,-0.010796482
2021-06-13 09:41:00,-62.253418,59.028133,0.0,-1.1755241,3.095755,0.0412099,0.0008744835
2021-06-13 10:41:00,-62.26093,59.031967,0.0,-1.3032403,3.3071573,0.04207284,0.0010842038
2021-06-13 11:41:00,-62.251408,59.042747,0.0,-1.4326978,3.2603092,0.04563717,-0.007371109
2021-06-13 12:41:00,-62.245277,59.05853,0.0,-1.4959939,3.1770163,0.052033305,-0.01759264
2021-06-13 13:41:00,-62.24664,59.053642,0.0,-1.7554774,2.996317,0.05025381,-0.015928866
2021-06-13 14:41:00,-62.27015,59.04891,0.0,-2.1112933,2.746191,0.045880973,-0.0046882443
2021-06-13 15:41:00,-62.265953,59.04444,0.0,-2.6248472,2.577393,0.04534494,-0.005731061
2021-06-13 16:41:00,-62.252575,59.057545,0.0,-3.111669,2.6375122,0.050547715,-0.0178215
2021-06-13 17:41:00,-62.28907,59.06637,0.0,-3.5470195,2.8075762,0.04716143,-0.0039387224
2021-06-13 18:41:00,-62.32463,59.072594,0.0,-3.6977615,3.0900047,0.041553512,0.012421725
2021-06-13 19:41:00,-62.309376,59.077286,0.0,-3.6267786,3.274661,0.045118816,0.002312337
2021-06-13 20:41:00,-62.33098,59.076878,0.0,-3.5556598,3.4952278,0.04071653,0.013774648
2021-06-13 21:41:00,-62.3374,59.0802,0.0,-3.1321192,3.6254382,0.039938945,0.015589047
2021-06-13 22:41:00,-62.341866,59.084038,0.0,-2.9460201,3.6668422,0.03970247,0.016120931
2021-06-13 23:41:00,-62.339714,59.079464,0.0,-3.010889,3.6293721,0.039890487,0.01547102
2021-06-14 00:41:00,-62.344463,59.095627,0.0,-3.2798018,3.7309203,0.042013373,0.01130963
2021-06-14 01:41:00,-62.35197,59.097027,0.0,-3.5534773,3.9399674,0.04076934,0.012711889
2021-06-14 02:41:00,-62.33865,59.08288,0.0,-3.610146,4.0192494,0.03968281,0.009438744
2021-06-14 03:41:00,-62.324093,59.08348,0.0,-3.5995286,3.8736246,0.042573266,-0.00063897716
2021-06-14 04:41:00,-62.324535,59.089054,0.0,-3.7785592,3.6429024,0.043543488,-0.0038782016
2021-06-14 05:41:00,-62.31391,59.091522,0.0,-4.126017,3.4133692,0.046343736,-0.012730276
2021-06-14 06:41:00,-62.328236,59.105526,0.0,-4.270887,3.3991268,0.045748305,-0.01014566
2021-06-14 07:41:00,-62.367966,59.109962,0.0,-4.1245546,3.4800742,0.03820598,0.006799956
2021-06-14 08:41:00,-62.39238,59.109055,0.0,-3.9051611,3.3349867,0.03274345,0.017672177
2021-06-14 09:41:00,-62.366486,59.113625,0.0,-3.676187,2.8109894,0.038402617,0.0018997937
2021-06-14 10:41:00,-62.366753,59.10357,0.0,-3.7074356,2.4398704,0.036478896,0.0035832706
2021-06-14 11:41:00,-62.380867,59.108223,0.0,-3.78508,2.158032,0.033952042,0.007780115
2021-06-14 12:41:00,-62.379223,59.11596,0.0,-3.741939,1.8548825,0.03498301,0.0031073992
2021-06-14 13:41:00,-62.38265,59.1225,0.0,-3.8016546,1.3956654,0.034743972,0.001393619
2021-06-14 14:41:00,-62.37977,59.110607,0.0,-3.8244078,0.94495434,0.033463012,0.0020557367
2021-06-14 15:41:00,-62.383305,59.11811,0.0,-3.7988906,0.698102,0.03332593,0.00016034907
2021-06-14 16:41:00,-62.378716,59.116703,0.0,-3.6379185,0.7202874,0.033778206,-0.0032350821
2021-06-14 17:41:00,-62.39442,59.109394,0.0,-3.454167,0.79080987,0.02918522,0.0056540295
2021-06-14 18:41:00,-62.399784,59.119545,0.0,-3.166235,0.87153554,0.028893104,0.00392442
2021-06-14 19:41:00,-62.431496,59.11594,0.0,-2.9300804,0.90687156,0.021806572,0.016397122
2021-06-14 20:41:00,-62.450832,59.12374,0.0,-2.9260256,0.8728507,0.018855177,0.017721884
2021-06-14 21:41:00,-62.461643,59.12202,0.0,-2.4839065,0.7299652,0.016249755,0.019787509
2021-06-14 22:41:00,-62.466763,59.127094,0.0,-2.3790348,0.7146774,0.015593379,0.018197969
2021-06-14 23:41:00,-62.47437,59.105484,0.0,-2.2122855,0.76621115,0.010572184,0.025695033
2021-06-15 00:41:00,-62.467915,59.110687,0.0,-1.8116779,0.81402004,0.0114160245,0.020091908
2021-06-15 01:41:00,-62.472145,59.10401,0.0,-1.5096409,0.7027035,0.008107823,0.020657303
2021-06-15 02:41:00,-62.467667,59.10836,0.0,-1.5257225,0.52224684,0.008145919,0.0154476
2021-06-15 03:41:00,-62.4756,59.10789,0.0,-1.7291999,0.3293721,0.0050168,0.014931487
2021-06-15 04:41:00,-62.49095,59.10766,0.0,-1.7749469,0.2176477,0.00042661373,0.016109545
2021-06-15 05:41:00,-62.515858,59.111988,0.0,-1.8221873,0.3803349,-0.0040510898,0.008155474
2021-06-15 06:41:00,-62.53219,59.114902,0.0,-1.8503494,0.40136993,-0.006897226,-0.0018415041
2021-06-15 07:41:00,-62.555767,59.11127,0.0,-1.9119688,0.25610825,-0.011479478,-0.012984848
2021-06-15 08:41:00,-62.560825,59.099125,0.0,-1.9428784,0.14965484,-0.015298056,-0.015118772
2021-06-15 09:41:00,-62.562904,59.096653,0.0,-1.447891,-0.3607368,-0.017222434,-0.018592216
2021-06-15 10:41:00,-62.592243,59.086582,0.0,-1.3687215,-0.98895824,-0.020706305,-0.039395794
2021-06-15 11:41:00,-62.587765,59.09224,0.0,-1.9242356,-1.142468,-0.021754948,-0.038300354
2021-06-15 12:41:00,-62.595116,59.094208,0.0,-2.4380183,-0.96789,-0.0214249,-0.05046314
2021-06-15 13:41:00,-62.598095,59.09547,0.0,-2.8006682,-0.7100606,-0.021916155,-0.05730659
2021-06-15 14:41:00,-62.58596,59.082806,0.0,-2.9768739,-0.40682375,-0.027204612,-0.04465665
2021-06-15 15:41:00,-62.58305,59.07941,0.0,-3.0353994,-0.10929536,-0.027957497,-0.04443382
2021-06-15 16:41:00,-62.593437,59.076878,0.0,-3.0686026,0.106903076,-0.026733449,-0.059850708
2021-06-15 17:41:00,-62.606197,59.066998,0.0,-3.2764044,-0.06226734,-0.022996413,-0.07713192
2021-06-15 18:41:00,-62.611275,59.07854,0.0,-3.4188538,-0.37940177,-0.026440775,-0.08796455
2021-06-15 19:41:00,-62.620747,59.076843,0.0,-3.3756084,-0.9603039,-0.025465064,-0.10218983
2021-06-15 20:41:00,-62.640026,59.073357,0.0,-3.2235103,-1.4998155,-0.02214922,-0.12749064
2021-06-15 21:41:00,-62.64254,59.06669,0.0,-2.5196466,-1.9846051,-0.02127151,-0.13225928
2021-06-15 22:41:00,-62.657818,59.065292,0.0,-2.3070982,-2.1709678,-0.019215334,-0.15276198
2021-06-15 23:41:00,-62.679985,59.061943,0.0,-2.3956642,-2.2793665,-0.015697096,-0.17583318
2021-06-16 00:41:00,-62.676815,59.066223,0.0,-2.33041,-2.4450207,-0.016274458,-0.17333375
2021-06-16 01:41:00,-62.687145,59.070484,0.0,-2.1690924,-2.492352,-0.013275323,-0.17911536
2021-06-16 02:41:00,-62.680553,59.05648,0.0,-2.0737596,-2.5748436,-0.010025995,-0.17021011
2021-06-16 03:41:00,-62.706844,59.047882,0.0,-2.0174627,-2.8059242,-0.002076129,-0.18843378
2021-06-16 04:41:00,-62.69983,59.040207,0.0,-1.8636777,-3.3945844,-0.0005760412,-0.18038952
2021-06-16 05:41:00,-62.716904,59.044453,0.0,-1.7381551,-4.0195704,0.003840494,-0.19178693
2021-06-16 06:41:00,-62.721066,59.01798,0.0,-1.4989969,-4.395611,0.008416192,-0.19623291
2021-06-16 07:41:00,-62.72444,59.012394,0.0,-1.1963273,-4.4946647,0.010670259,-0.19807118
2021-06-16 08:41:00,-62.72862,59.00601,0.0,-0.72623074,-4.638255,0.012860494,-0.20112015
2021-06-16 09:41:00,-62.73634,58.98572,0.0,0.18766795,-4.812834,0.02687814,-0.20963922
2021-06-16 10:41:00,-62.746334,58.96732,0.0,0.62551266,-5.1067595,0.043362163,-0.21873556
2021-06-16 11:41:00,-62.762978,58.945415,0.0,0.5421783,-5.1760087,0.060814,-0.22219893
2021-06-16 12:41:00,-62.75836,58.933575,0.0,0.36762282,-5.126162,0.069864854,-0.2211147
2021-06-16 13:41:00,-62.76677,58.916187,0.0,0.17282924,-4.932956,0.081399396,-0.21955429
2021-06-16 14:41:00,-62.768528,58.912354,0.0,-0.08403516,-4.8937454,0.082009375,-0.21549499
2021-06-16 15:41:00,-62.79977,58.90344,0.0,-0.5164586,-4.6736574,0.0794549,-0.20536377
2021-06-16 16:41:00,-62.810177,58.87811,0.0,-0.9050564,-4.5132637,0.07903933,-0.18888475
2021-06-16 17:41:00,-62.84147,58.860996,0.0,-1.1250852,-4.300975,0.07097722,-0.1696056
2021-06-16 18:41:00,-62.841335,58.85481,0.0,-1.0165339,-4.1037483,0.07213873,-0.16412269
2021-06-16 19:41:00,-62.85779,58.85377,0.0,-0.90131724,-3.6983051,0.06799616,-0.14908159
2021-06-16 20:41:00,-62.839134,58.84898,0.0,-0.77129096,-3.320125,0.07603623,-0.15776671
2021-06-16 21:41:00,-62.849384,58.84983,0.0,-0.5813816,-2.9284863,0.07403398,-0.14800584
2021-06-16 22:41:00,-62.839363,58.849377,0.0,-0.719627,-2.4993954,0.07944919,-0.15274405
2021-06-16 23:41:00,-62.84984,58.820957,0.0,-0.9018003,-1.8580405,0.072297595,-0.1251983
2021-06-17 00:41:00,-62.819427,58.803253,0.0,-0.91065085,-1.4810374,0.07913454,-0.12092698
2021-06-17 01:41:00,-62.819973,58.816277,0.0,-0.9130577,-1.0645411,0.08383944,-0.13120946
2021-06-17 02:41:00,-62.814888,58.81831,0.0,-0.9020569,-0.92929494,0.08664614,-0.1328373
2021-06-17 03:41:00,-62.83651,58.799576,0.0,-0.7896333,-0.6809269,0.07120898,-0.11083267
2021-06-17 04:41:00,-62.844135,58.80362,0.0,-0.86563194,-0.17968602,0.06923745,-0.10907608
2021-06-17 05:41:00,-62.848965,58.793697,0.0,-0.7544711,0.45573753,0.06387658,-0.097690076
2021-06-17 06:41:00,-62.845474,58.798832,0.0,-0.4945355,1.0385714,0.06734013,-0.10219487
2021-06-17 07:41:00,-62.865417,58.786667,0.0,-0.3057179,1.5372434,0.054148436,-0.08301861
2021-06-17 08:41:00,-62.8755,58.79312,0.0,-0.36784083,2.1245198,0.05161174,-0.08133013
2021-06-17 09:41:00,-62.870373,58.80807,0.0,-0.20695919,2.449576,0.05902317,-0.09180434
2021-06-17 10:41:00,-62.854332,58.80638,0.0,-0.35287476,2.7040222,0.06593363,-0.098613575
2021-06-17 11:41:00,-62.83327,58.806583,0.0,-0.9559384,2.8851175,0.0758187,-0.10955314
2021-06-17 12:41:00,-62.841595,58.810295,0.0,-1.74901,3.0774746,0.07294369,-0.10687146
2021-06-17 13:41:00,-62.85102,58.807224,0.0,-2.560715,3.3771152,0.06788561,-0.09766007
2021-06-17 14:41:00,-62.832188,58.80668,0.0,-3.190353,3.8559077,0.0765802,-0.10654995
2021-06-17 15:41:00,-62.845592,58.804073,0.0,-3.4768968,4.238134,0.06986706,-0.09584045
2021-06-17 16:41:00,-62.833134,58.80199,0.0,-3.5953283,4.529049,0.075550735,-0.09964065
2021-06-17 17:41:00,-62.841442,58.80066,0.0,-3.8043613,4.6678514,0.07143454,-0.09283502
2021-06-17 18:41:00,-62.84211,58.800934,0.0,-3.9223034,4.8751383,0.07130443,-0.091543846
2021-06-17 19:41:00,-62.869373,58.79791,0.0,-3.8560476,5.09305,0.05726444,-0.073524036
2021-06-17 20:41:00,-62.887238,58.812145,0.0,-3.9734354,5.420355,0.05243552,-0.07093761
2021-06-17 21:41:00,-62.88019,58.82225,0.0,-4.077198,5.5220947,0.058301736,-0.080391474
2021-06-17 22:41:00,-62.892666,58.821632,0.0,-3.7421055,5.3785124,0.052637707,-0.07017432
2021-06-17 23:41:00,-62.904255,58.819004,0.0,-3.1591787,5.2466,0.04666438,-0.059726544
2021-06-18 00:41:00,-62.8702,58.806942,0.0,-2.6833346,5.162084,0.057395946,-0.07541667
2021-06-18 01:41:00,-62.862904,58.801147,0.0,-2.3108504,4.9947853,0.057236377,-0.07760696
2021-06-18 02:41:00,-62.86457,58.79699,0.0,-2.1024194,4.9106517,0.053291857,-0.0759027
2021-06-18 03:41:00,-62.88172,58.791477,0.0,-1.6704674,4.8195715,0.04212636,-0.06577881
2021-06-18 04:41:00,-62.855377,58.793633,0.0,-1.4571364,4.8915815,0.052079994,-0.08286982
2021-06-18 05:41:00,-62.865295,58.80047,0.0,-1.1949501,4.766203,0.04572956,-0.084285215
2021-06-18 06:41:00,-62.863728,58.80822,0.0,-0.95943195,4.6880174,0.044150557,-0.09221062
2021-06-18 07:41:00,-62.888912,58.81234,0.0,-0.6187238,4.4640713,0.03237799,-0.07952164
2021-06-18 08:41:00,-62.875885,58.80148,0.0,-0.4653704,4.253499,0.034182277,-0.08484642
2021-06-18 09:41:00,-62.867466,58.81565,0.0,-0.38113892,4.3094397,0.03451762,-0.0997888
2021-06-18 10:41:00,-62.865932,58.822765,0.0,-0.5868315,4.2845807,0.03188138,-0.106604725
2021-06-18 11:41:00,-62.855003,58.81807,0.0,-0.8743272,4.1329327,0.03243417,-0.11413294
2021-06-18 12:41:00,-62.854057,58.80646,0.0,-0.94565606,4.005492,0.030642018,-0.10973476
2021-06-18 13:41:00,-62.860527,58.808804,0.0,-1.1712329,3.6604478,0.025704313,-0.10870621
2021-06-18 14:41:00,-62.850574,58.808994,0.0,-1.4638418,3.3249512,0.025537066,-0.117797375
2021-06-18 15:41:00,-62.841488,58.800014,0.0,-1.9020503,3.2128527,0.026169177,-0.12038158
2021-06-18 16:41:00,-62.84523,58.79953,0.0,-2.2994018,3.1545439,0.02241941,-0.119966805
2021-06-18 17:41:00,-62.821228,58.797413,0.0,-2.5717325,3.181171,0.027194532,-0.13390732
2021-06-18 18:41:00,-62.83216,58.796776,0.0,-2.377571,2.9802477,0.020069122,-0.13081701
2021-06-18 19:41:00,-62.849297,58.79728,0.0,-1.7454834,2.452989,0.01352677,-0.122893974
2021-06-18 20:41:00,-62.85768,58.782185,0.0,-1.0914527,1.4981039,0.013034726,-0.113225795
2021-06-18 21:41:00,-62.86097,58.777626,0.0,-0.6593278,0.26643193,0.011509962,-0.11225514
2021-06-18 22:41:00,-62.887547,58.774067,0.0,-0.346058,-1.1437485,0.007792864,-0.10177728
2021-06-18 23:41:00,-62.868702,58.77436,0.0,-0.14569536,-1.7956423,0.007612438,-0.112734765
2021-06-19 00:41:00,-62.863037,58.759617,0.0,0.08058742,-1.8160597,0.011913923,-0.11059587
2021-06-19 01:41:00,-62.858803,58.756145,0.0,0.45222956,-1.8398681,0.012772362,-0.10991057
2021-06-19 02:41:00,-62.853287,58.754627,0.0,0.7679358,-2.1240432,0.012948804,-0.11023103
2021-06-19 03:41:00,-62.87512,58.749207,0.0,0.89319015,-2.3494952,0.01364674,-0.10191043
2021-06-19 04:41:00,-62.88779,58.743706,0.0,0.808455,-2.3531206,0.013024727,-0.09651663
2021-06-19 05:41:00,-62.902546,58.748775,0.0,0.6036624,-2.1187716,0.013054034,-0.09253516
2021-06-19 06:41:00,-62.91686,58.7374,0.0,0.24106327,-1.8235145,0.012364909,-0.086482115
2021-06-19 07:41:00,-62.917767,58.725212,0.0,-0.0073357485,-1.6304334,0.01150424,-0.08439684
2021-06-19 08:41:00,-62.92622,58.71521,0.0,0.044171456,-1.4351277,0.010557942,-0.07973551
2021-06-19 09:41:00,-62.907593,58.717785,0.0,0.45462686,-1.1069707,0.010606544,-0.08446048
2021-06-19 10:41:00,-62.90993,58.711357,0.0,0.70801145,-0.70530486,0.010036886,-0.0830241
2021-06-19 11:41:00,-62.89714,58.711227,0.0,0.2245595,-0.7143188,0.009630906,-0.08467596
2021-06-19 12:41:00,-62.89433,58.711227,1.0,-0.7405932,-0.77147925,0.009136647,-0.084858365
