timestamp,case,model_lat,model_lon,model_speed_ms,model_bearing_deg,wind_speed_ms,wind_bearing_deg,ocean_speed_ms,ocean_bearing_deg,iip_interp_lat,iip_interp_lon,iip_is_interpolated,error_km,bearing_diff_deg
2021-06-02 16:41:00,CaseA,59.42667,-62.41,,,5.5724,93.5,0.0975,103.1,,,False,,
2021-06-02 17:41:00,CaseA,59.42619,-62.36649,0.6837,91.2,5.2956,92.3,0.1069,107.0,,,False,,
2021-06-02 18:41:00,CaseA,59.43959,-62.3354,0.6402,49.7,5.1272,90.8,0.1183,110.9,,,False,,
2021-06-02 19:41:00,CaseA,59.42825,-62.29124,0.7771,116.8,4.7164,88.8,0.1297,107.8,,,False,,
2021-06-02 20:41:00,CaseA,59.42339,-62.26139,0.4924,107.7,4.392,82.4,0.1405,105.9,,,False,,
2021-06-02 21:41:00,CaseA,59.42325,-62.24741,0.2196,91.1,3.808,73.5,0.1455,104.6,,,False,,
2021-06-02 22:41:00,CaseA,59.43158,-62.23096,0.3647,45.1,3.9047,61.1,0.1458,103.3,,,False,,
2021-06-02 23:41:00,CaseA,59.43064,-62.20486,0.411,94.0,4.2781,53.2,0.15,100.4,,,False,,
2021-06-03 00:41:00,CaseA,59.43224,-62.18218,0.3596,82.1,4.5158,52.9,0.1528,99.5,,,False,,
2021-06-03 01:41:00,CaseA,59.42998,-62.14288,0.6213,96.4,4.5383,58.8,0.1556,97.6,,,False,,
2021-06-03 02:41:00,CaseA,59.42243,-62.12067,0.4198,123.8,4.3674,66.9,0.1633,96.9,,,False,,
2021-06-03 03:41:00,CaseA,59.42557,-62.14127,0.3379,286.7,3.772,68.7,0.1617,99.8,,,False,,
2021-06-03 04:41:00,CaseA,59.41751,-62.11288,0.5107,119.1,3.099,56.6,0.1706,98.5,,,False,,
2021-06-03 05:41:00,CaseA,59.40435,-62.06471,0.8595,118.2,3.0253,33.6,0.1637,96.0,,,False,,
2021-06-03 06:41:00,CaseA,59.40208,-62.0508,0.2297,107.8,3.7294,16.4,0.1616,96.2,,,False,,
2021-06-03 07:41:00,CaseA,59.41395,-62.01487,0.6734,57.0,4.628,11.5,0.162,94.4,,,False,,
2021-06-03 08:41:00,CaseA,59.41927,-61.99868,0.3028,57.1,5.522,11.6,0.1575,94.0,,,False,,
2021-06-03 09:41:00,CaseA,59.40842,-61.99697,0.3361,175.4,6.0437,10.1,0.1595,95.5,,,False,,
2021-06-03 10:41:00,CaseA,59.41496,-61.98673,0.2581,38.6,6.4585,8.0,0.1604,95.7,,,False,,
2021-06-03 11:41:00,CaseA,59.43054,-61.95284,0.7177,47.9,6.8464,4.9,0.1369,94.0,,,False,,
2021-06-03 12:41:00,CaseA,59.43613,-61.9449,0.2129,35.8,6.7791,357.3,0.1295,94.1,,,False,,
2021-06-03 13:41:00,CaseA,59.43337,-61.94978,0.1145,222.0,6.8486,345.5,0.1349,95.8,,,False,,
2021-06-03 14:41:00,CaseA,59.45643,-61.96813,0.7684,338.0,7.6599,338.1,0.1079,97.0,,,False,,
2021-06-03 15:41:00,CaseA,59.46343,-61.97375,0.2333,337.8,8.5343,335.0,0.1001,98.8,,,False,,
2021-06-03 16:41:00,CaseA,59.48195,-61.99392,0.6538,331.1,9.1325,331.6,0.0769,103.7,,,False,,
2021-06-03 17:41:00,CaseA,59.49441,-62.02413,0.6102,309.1,9.9483,331.2,0.0685,112.6,,,False,,
2021-06-03 18:41:00,CaseA,59.51365,-62.04697,0.6936,328.9,10.8721,333.0,0.0597,128.3,,,False,,
2021-06-03 19:41:00,CaseA,59.52393,-62.06684,0.4447,315.6,11.3287,332.7,0.0606,140.6,,,False,,
2021-06-03 20:41:00,CaseA,59.54771,-62.08181,0.7713,342.3,11.6051,329.6,0.0576,169.9,,,False,,
2021-06-03 21:41:00,CaseA,59.57075,-62.10058,0.7699,337.6,11.8633,325.4,0.0695,195.4,,,False,,
2021-06-03 22:41:00,CaseA,59.58853,-62.13604,0.7804,314.7,12.4747,323.0,0.086,200.9,,,False,,
2021-06-03 23:41:00,CaseA,59.60746,-62.17779,0.8762,311.9,12.8268,322.9,0.0935,187.9,,,False,,
2021-06-04 00:41:00,CaseA,59.61677,-62.22255,0.7562,292.3,12.619,323.2,0.094,179.4,,,False,,
2021-06-04 01:41:00,CaseA,59.63543,-62.25026,0.7206,323.1,11.5434,324.8,0.0897,172.9,,,False,,
2021-06-04 02:41:00,CaseA,59.6575,-62.2981,1.0111,312.4,9.7815,327.3,0.0809,161.2,,,False,,
2021-06-04 03:41:00,CaseA,59.67166,-62.32558,0.6125,315.6,8.0883,327.3,0.0755,153.3,,,False,,
2021-06-04 04:41:00,CaseA,59.68198,-62.32277,0.3218,7.8,6.9432,326.0,0.0778,149.5,,,False,,
2021-06-04 05:41:00,CaseA,59.67904,-62.31116,0.2026,116.6,6.2387,325.9,0.077,151.7,,,False,,
2021-06-04 06:41:00,CaseA,59.67876,-62.30943,0.0283,107.7,5.4242,328.7,0.0757,151.9,,,False,,
2021-06-04 07:41:00,CaseA,59.67788,-62.32497,0.2439,263.5,3.1613,8.3,0.0712,150.2,,,False,,
2021-06-04 08:41:00,CaseA,59.67854,-62.32643,0.0305,311.9,4.8957,104.6,0.0696,149.5,,,False,,
2021-06-04 09:41:00,CaseA,59.68058,-62.33416,0.136,297.6,7.0906,127.2,0.0675,147.4,,,False,,
2021-06-04 10:41:00,CaseA,59.65935,-62.31295,0.7343,153.2,6.4542,130.5,0.0655,158.9,,,False,,
2021-06-04 11:41:00,CaseA,59.66499,-62.28026,0.5388,71.1,5.462,121.2,0.0678,161.7,,,False,,
2021-06-04 12:41:00,CaseA,59.65695,-62.25385,0.4812,121.1,5.3011,106.3,0.0713,168.8,,,False,,
2021-06-04 13:41:00,CaseA,59.65958,-62.2603,0.1294,308.9,6.2037,92.0,0.0687,166.8,,,False,,
2021-06-04 14:41:00,CaseA,59.6646,-62.25144,0.2078,41.7,7.2044,86.1,0.0689,165.5,,,False,,
2021-06-04 15:41:00,CaseA,59.66843,-62.22791,0.3857,72.1,7.7743,89.9,0.079,161.0,,,False,,
2021-06-04 16:41:00,CaseA,59.66909,-62.19882,0.4542,87.5,7.9469,96.7,0.0921,158.2,,,False,,
2021-06-04 17:41:00,CaseA,59.67611,-62.17424,0.4404,60.5,7.9472,101.2,0.1092,153.2,,,False,,
2021-06-04 18:41:00,CaseA,59.6712,-62.14775,0.44,110.1,7.7373,103.0,0.1193,153.2,,,False,,
2021-06-04 19:41:00,CaseA,59.65247,-62.09613,0.9917,125.7,7.0856,105.0,0.1281,156.9,,,False,,
2021-06-04 20:41:00,CaseA,59.65125,-62.09609,0.0375,178.9,6.0841,104.4,0.1272,157.3,,,False,,
2021-06-04 21:41:00,CaseA,59.65841,-62.09931,0.2268,347.2,5.1019,101.4,0.135,153.9,,,False,,
2021-06-04 22:41:00,CaseA,59.64588,-62.09426,0.395,168.5,4.176,93.3,0.1225,159.5,,,False,,
2021-06-04 23:41:00,CaseA,59.65178,-62.05748,0.6022,72.4,3.6257,75.8,0.1458,152.6,,,False,,
2021-06-05 00:41:00,CaseA,59.65382,-62.02148,0.5653,83.6,3.5504,50.6,0.1635,148.6,,,False,,
2021-06-05 01:41:00,CaseA,59.66452,-62.02628,0.339,347.2,4.3074,38.1,0.1791,145.8,,,False,,
2021-06-05 02:41:00,CaseA,59.66781,-62.02011,0.1399,43.4,5.1638,39.9,0.1853,144.9,,,False,,
2021-06-05 03:41:00,CaseA,59.66454,-61.99253,0.4419,103.2,5.7529,45.8,0.1897,143.6,,,False,,
2021-06-05 04:41:00,CaseA,59.66958,-61.96675,0.4313,68.8,5.9177,46.4,0.1873,140.5,,,False,,
2021-06-05 05:41:00,CaseA,59.65957,-61.94332,0.4789,130.2,5.9907,41.0,0.178,139.7,,,False,,
2021-06-05 06:41:00,CaseA,59.66904,-61.92168,0.4467,49.1,6.2768,34.8,0.1791,135.9,,,False,,
2021-06-05 07:41:00,CaseA,59.66858,-61.91436,0.1151,97.2,6.5779,30.8,0.1767,135.4,,,False,,
2021-06-05 08:41:00,CaseA,59.68444,-61.90297,0.5212,19.9,6.5888,29.6,0.1424,137.8,,,False,,
2021-06-05 09:41:00,CaseA,59.69023,-61.87664,0.4478,66.5,5.7839,27.9,0.1179,140.4,,,False,,
2021-06-05 10:41:00,CaseA,59.69622,-61.87584,0.1857,3.8,5.2971,24.3,0.1047,143.2,,,False,,
2021-06-05 11:41:00,CaseA,59.69808,-61.87611,0.0576,355.8,5.0132,23.9,0.0994,144.3,,,False,,
2021-06-05 12:41:00,CaseA,59.70455,-61.87676,0.2,357.1,4.7344,24.4,0.0866,147.7,,,False,,
2021-06-05 13:41:00,CaseA,59.70414,-61.86026,0.2575,92.8,4.4151,22.4,0.077,151.3,,,False,,
2021-06-05 14:41:00,CaseA,59.6969,-61.84782,0.2961,139.1,4.3177,19.7,0.0802,149.5,,,False,,
2021-06-05 15:41:00,CaseA,59.70124,-61.86414,0.2875,297.8,4.2883,21.3,0.0793,149.6,,,False,,
2021-06-05 16:41:00,CaseA,59.70699,-61.85535,0.2243,37.6,3.9841,26.7,0.0638,156.9,,,False,,
2021-06-05 17:41:00,CaseA,59.7149,-61.81386,0.6909,69.3,3.5736,34.3,0.0545,186.2,,,False,,
2021-06-05 18:41:00,CaseA,59.7238,-61.82402,0.3174,330.1,3.1636,41.4,0.0425,202.8,,,False,,
2021-06-05 19:41:00,CaseA,59.72063,-61.84098,0.2818,249.6,2.8433,48.0,0.0367,190.7,,,False,,
2021-06-05 20:41:00,CaseA,59.73357,-61.83884,0.4012,4.8,2.7629,55.2,0.0336,231.6,,,False,,
2021-06-05 21:41:00,CaseA,59.72752,-61.84771,0.2325,216.5,2.6077,58.4,0.0305,206.9,,,False,,
2021-06-05 22:41:00,CaseA,59.72222,-61.84647,0.1649,173.3,2.4325,57.3,0.0316,195.7,,,False,,
2021-06-05 23:41:00,CaseA,59.71359,-61.82686,0.4053,131.1,2.3251,58.8,0.0384,193.1,,,False,,
2021-06-06 00:41:00,CaseA,59.70958,-61.84187,0.2646,242.1,2.2926,66.2,0.0383,176.2,,,False,,
2021-06-06 01:41:00,CaseA,59.72321,-61.84647,0.4268,350.4,2.2508,79.9,0.0257,203.6,,,False,,
2021-06-06 02:41:00,CaseA,59.72294,-61.8298,0.2596,91.8,1.9584,97.2,0.0264,221.9,,,False,,
2021-06-06 03:41:00,CaseA,59.72826,-61.84711,0.3156,301.3,1.4171,119.4,0.0208,225.8,,,False,,
2021-06-06 04:41:00,CaseA,59.71539,-61.8621,0.4609,210.4,0.748,154.6,0.0328,165.3,,,False,,
2021-06-06 05:41:00,CaseA,59.71622,-61.84454,0.2748,84.6,0.5952,250.9,0.022,186.2,,,False,,
2021-06-06 06:41:00,CaseA,59.71811,-61.83221,0.2006,73.2,1.2679,302.2,0.0173,218.1,,,False,,
2021-06-06 07:41:00,CaseA,59.71367,-61.82128,0.2185,128.8,1.821,324.4,0.023,203.4,,,False,,
2021-06-06 08:41:00,CaseA,59.7197,-61.83851,0.3268,304.8,2.2837,343.8,0.0127,222.8,,,False,,
2021-06-06 09:41:00,CaseA,59.71606,-61.85098,0.2246,239.9,2.4211,7.9,0.0171,171.8,,,False,,
2021-06-06 10:41:00,CaseA,59.71736,-61.85621,0.0908,296.3,2.6793,21.1,0.0168,165.3,,,False,,
2021-06-06 11:41:00,CaseA,59.70798,-61.85876,0.2921,187.8,2.6989,21.1,0.0296,148.4,,,False,,
2021-06-06 12:41:00,CaseA,59.69179,-61.86518,0.51,191.3,2.8955,18.2,0.0561,140.4,,,False,,
2021-06-06 13:41:00,CaseA,59.67985,-61.85163,0.4249,150.2,3.2606,21.3,0.0602,139.1,,,False,,
2021-06-06 14:41:00,CaseA,59.68066,-61.86324,0.1829,277.9,3.6414,34.7,0.067,137.6,,,False,,
2021-06-06 15:41:00,CaseA,59.69247,-61.86744,0.3706,349.8,3.9293,56.9,0.0525,136.9,,,False,,
2021-06-06 16:41:00,CaseA,59.69394,-61.87848,0.1779,284.7,4.2777,82.7,0.0583,135.8,,,False,,
2021-06-06 17:41:00,CaseA,59.68262,-61.86932,0.3775,157.8,4.4474,101.4,0.0646,134.7,,,False,,
2021-06-06 18:41:00,CaseA,59.67737,-61.85194,0.316,120.9,4.3167,108.3,0.0552,133.0,,,False,,
2021-06-06 19:41:00,CaseA,59.67963,-61.83194,0.3195,77.3,4.1514,106.0,0.034,128.6,,,False,,
2021-06-06 20:41:00,CaseA,59.6867,-61.79174,0.6637,70.8,4.1728,102.0,0.0123,188.7,,,False,,
2021-06-06 21:41:00,CaseA,59.68255,-61.79079,0.129,173.4,3.6904,103.0,0.0115,181.2,,,False,,
2021-06-06 22:41:00,CaseA,59.68544,-61.76889,0.3529,75.4,3.5818,103.9,0.015,246.5,,,False,,
2021-06-06 23:41:00,CaseA,59.67136,-61.75488,0.4866,153.3,3.6398,105.5,0.0192,253.8,,,False,,
2021-06-07 00:41:00,CaseA,59.66393,-61.7511,0.237,165.6,3.5396,104.0,0.0186,252.7,,,False,,
2021-06-07 01:41:00,CaseA,59.66149,-61.74284,0.1494,120.3,3.252,99.5,0.0202,248.0,,,False,,
2021-06-07 02:41:00,CaseA,59.66252,-61.72556,0.2714,83.3,3.0218,94.9,0.0278,247.7,,,False,,
2021-06-07 03:41:00,CaseA,59.65786,-61.71087,0.2704,122.1,2.7455,93.7,0.0292,238.8,,,False,,
2021-06-07 04:41:00,CaseA,59.65364,-61.72279,0.227,235.0,2.5736,88.9,0.0235,234.3,,,False,,
2021-06-07 05:41:00,CaseA,59.65563,-61.72058,0.0705,29.4,2.7887,81.7,0.0273,241.9,,,False,,
2021-06-07 06:41:00,CaseA,59.65471,-61.68381,0.5744,92.8,2.8562,77.8,0.0389,239.0,,,False,,
2021-06-07 07:41:00,CaseA,59.65152,-61.69593,0.2131,242.5,2.685,77.8,0.034,237.9,,,False,,
2021-06-07 08:41:00,CaseA,59.65466,-61.70068,0.1219,322.6,2.3156,82.5,0.037,245.3,,,False,,
2021-06-07 09:41:00,CaseA,59.65464,-61.72261,0.3423,269.9,1.7965,100.0,0.0323,250.8,,,False,,
2021-06-07 10:41:00,CaseA,59.65572,-61.71993,0.0536,51.5,1.1087,116.5,0.0359,253.5,,,False,,
2021-06-07 11:41:00,CaseA,59.6534,-61.73005,0.1734,245.7,0.5838,212.0,0.0325,254.6,,,False,,
2021-06-07 12:41:00,CaseA,59.64958,-61.75421,0.395,252.6,2.013,259.7,0.0231,251.8,,,False,,
2021-06-07 13:41:00,CaseA,59.65313,-61.7668,0.2252,299.2,3.3006,277.5,0.0224,248.0,,,False,,
2021-06-07 14:41:00,CaseA,59.66035,-61.79052,0.4322,301.1,4.6144,293.3,0.0186,235.3,,,False,,
2021-06-07 15:41:00,CaseA,59.64738,-61.77612,0.4594,150.7,6.1217,302.3,0.0191,229.1,,,False,,
2021-06-07 16:41:00,CaseA,59.65767,-61.78104,0.3269,346.4,7.3011,304.7,0.0242,249.3,,,False,,
2021-06-07 17:41:00,CaseA,59.66203,-61.80627,0.416,288.9,8.2205,304.4,0.0179,225.5,,,False,,
2021-06-07 18:41:00,CaseA,59.66853,-61.82742,0.3861,301.3,9.084,302.7,0.0148,202.2,,,False,,
2021-06-07 19:41:00,CaseA,59.66575,-61.85559,0.4478,258.9,9.5888,300.4,0.0325,163.0,,,False,,
2021-06-07 20:41:00,CaseA,59.68375,-61.86453,0.5734,345.9,9.8761,298.1,0.0228,185.8,,,False,,
2021-06-07 21:41:00,CaseA,59.68262,-61.9063,0.6522,266.9,9.9102,297.4,0.0542,160.2,,,False,,
2021-06-07 22:41:00,CaseA,59.68715,-61.92733,0.3565,293.1,10.0477,294.6,0.0658,161.6,,,False,,
2021-06-07 23:41:00,CaseA,59.69271,-61.95584,0.4765,291.1,10.5241,289.1,0.0844,164.2,,,False,,
2021-06-08 00:41:00,CaseA,59.70443,-61.98093,0.5329,312.8,11.0671,284.6,0.1022,166.0,,,False,,
2021-06-08 01:41:00,CaseA,59.69882,-62.03253,0.8225,257.8,11.3088,281.1,0.134,164.4,,,False,,
2021-06-08 02:41:00,CaseA,59.70628,-62.0992,1.0641,282.5,11.1777,276.0,0.1459,164.7,,,False,,
2021-06-08 03:41:00,CaseA,59.70279,-62.15984,0.9511,263.5,10.8708,270.0,0.1228,166.3,,,False,,
2021-06-08 04:41:00,CaseA,59.70109,-62.21051,0.7912,266.2,10.5538,264.5,0.0946,169.4,,,False,,
2021-06-08 05:41:00,CaseA,59.70013,-62.27995,1.0825,268.4,10.2903,260.9,0.0596,174.5,,,False,,
2021-06-08 06:41:00,CaseA,59.69837,-62.31103,0.4874,263.6,9.5788,258.4,0.049,176.6,,,False,,
2021-06-08 07:41:00,CaseA,59.69659,-62.34989,0.6081,264.8,8.3948,254.6,0.0396,177.0,,,False,,
2021-06-08 08:41:00,CaseA,59.67296,-62.37059,0.7982,203.9,7.2718,248.4,0.0421,204.1,,,False,,
2021-06-08 09:41:00,CaseA,59.6731,-62.36267,0.1236,88.0,6.8557,244.4,0.0448,200.7,,,False,,
2021-06-08 10:41:00,CaseA,59.66686,-62.39174,0.4926,247.0,6.5252,242.7,0.0458,203.7,,,False,,
2021-06-08 11:41:00,CaseA,59.66277,-62.4021,0.2053,232.0,5.7403,240.6,0.0474,202.5,,,False,,
2021-06-08 12:41:00,CaseA,59.67561,-62.44718,0.8073,299.4,4.5922,233.7,0.0424,183.5,,,False,,
2021-06-08 13:41:00,CaseA,59.68064,-62.45824,0.2321,312.0,3.7047,220.5,0.0436,173.3,,,False,,
2021-06-08 14:41:00,CaseA,59.68935,-62.4748,0.3731,316.2,3.4342,207.8,0.0463,158.2,,,False,,
2021-06-08 15:41:00,CaseA,59.69057,-62.47464,0.0377,4.0,3.6245,202.0,0.0495,155.7,,,False,,
2021-06-08 16:41:00,CaseA,59.69588,-62.49422,0.3466,298.3,3.8342,201.6,0.0536,146.7,,,False,,
2021-06-08 17:41:00,CaseA,59.70157,-62.48735,0.2059,31.4,3.7726,201.4,0.0594,141.4,,,False,,
2021-06-08 18:41:00,CaseA,59.69363,-62.4998,0.3127,218.4,3.4989,200.2,0.0588,147.6,,,False,,
2021-06-08 19:41:00,CaseA,59.68148,-62.46804,0.6213,127.2,3.2442,196.9,0.0598,162.7,,,False,,
2021-06-08 20:41:00,CaseA,59.68612,-62.47347,0.1664,329.4,3.0107,189.5,0.0634,156.6,,,False,,
2021-06-08 21:41:00,CaseA,59.68647,-62.47422,0.016,313.1,2.5145,175.5,0.0664,155.5,,,False,,
2021-06-08 22:41:00,CaseA,59.68535,-62.48117,0.1138,252.2,2.5588,157.1,0.0688,155.3,,,False,,
2021-06-08 23:41:00,CaseA,59.69381,-62.50055,0.3994,310.8,3.0446,145.1,0.0741,145.7,,,False,,
2021-06-09 00:41:00,CaseA,59.68393,-62.50004,0.3051,178.5,3.5644,141.4,0.0731,153.1,,,False,,
2021-06-09 01:41:00,CaseA,59.67517,-62.48743,0.3344,144.0,3.9559,142.0,0.0736,160.1,,,False,,
2021-06-09 02:41:00,CaseA,59.65914,-62.50506,0.5664,209.0,4.2311,144.9,0.0742,168.4,,,False,,
2021-06-09 03:41:00,CaseA,59.6517,-62.49282,0.2986,140.3,4.3416,148.4,0.0772,170.7,,,False,,
2021-06-09 04:41:00,CaseA,59.6534,-62.49359,0.0537,347.1,4.2298,153.0,0.0783,168.0,,,False,,
2021-06-09 05:41:00,CaseA,59.64138,-62.50986,0.4497,214.4,4.0033,155.4,0.0801,171.4,,,False,,
2021-06-09 06:41:00,CaseA,59.63591,-62.51577,0.1925,208.7,3.8455,151.4,0.0814,172.2,,,False,,
2021-06-09 07:41:00,CaseA,59.62775,-62.51626,0.2523,181.7,3.9115,143.2,0.0837,174.7,,,False,,
2021-06-09 08:41:00,CaseA,59.62091,-62.51623,0.2114,179.9,4.1144,137.0,0.0859,176.7,,,False,,
2021-06-09 09:41:00,CaseA,59.60851,-62.52523,0.4078,200.2,4.8848,138.5,0.0885,180.9,,,False,,
2021-06-09 10:41:00,CaseA,59.59436,-62.51851,0.4497,166.5,4.8632,140.1,0.0939,186.8,,,False,,
2021-06-09 11:41:00,CaseA,59.58452,-62.53423,0.3908,219.0,4.5569,141.4,0.0958,189.2,,,False,,
2021-06-09 12:41:00,CaseA,59.59468,-62.53597,0.3149,355.0,4.6553,142.2,0.0931,183.9,,,False,,
2021-06-09 13:41:00,CaseA,59.59464,-62.54535,0.1466,269.5,4.5811,144.3,0.0928,182.5,,,False,,
2021-06-09 14:41:00,CaseA,59.5784,-62.53323,0.536,159.3,4.364,146.6,0.0981,187.2,,,False,,
2021-06-09 15:41:00,CaseA,59.56242,-62.52196,0.5243,160.3,4.165,148.9,0.1002,185.2,,,False,,
2021-06-09 16:41:00,CaseA,59.56022,-62.56264,0.6403,263.9,4.0899,148.8,0.0962,181.9,,,False,,
2021-06-09 17:41:00,CaseA,59.55702,-62.58942,0.4305,256.7,4.1374,148.4,0.0931,179.4,,,False,,
2021-06-09 18:41:00,CaseA,59.56301,-62.59971,0.2454,319.0,4.4442,146.1,0.0911,178.8,,,False,,
2021-06-09 19:41:00,CaseA,59.55256,-62.58288,0.4167,140.8,5.0366,144.2,0.0964,178.4,,,False,,
2021-06-09 20:41:00,CaseA,59.53524,-62.59119,0.5503,193.7,5.6516,143.8,0.0953,176.1,,,False,,
2021-06-09 21:41:00,CaseA,59.52398,-62.59427,0.3511,187.9,6.321,143.8,0.0956,174.7,,,False,,
2021-06-02 16:41:00,CaseB,59.42667,-62.41,,,5.5724,93.5,0.0975,103.1,,,False,,
2021-06-02 17:41:00,CaseB,59.42638,-62.36888,0.6461,90.8,5.2959,92.3,0.1064,106.7,,,False,,
2021-06-02 18:41:00,CaseB,59.44007,-62.34033,0.6163,46.7,5.1285,90.8,0.1171,110.4,,,False,,
2021-06-02 19:41:00,CaseB,59.4292,-62.29911,0.7292,117.4,4.7191,88.9,0.1271,108.0,,,False,,
2021-06-02 20:41:00,CaseB,59.42475,-62.27257,0.439,108.2,4.391,82.6,0.1363,106.1,,,False,,
2021-06-02 21:41:00,CaseB,59.42503,-62.26234,0.161,86.9,3.8044,73.7,0.1401,105.0,,,False,,
2021-06-02 22:41:00,CaseB,59.4338,-62.2499,0.3338,35.8,3.9065,61.3,0.1428,104.8,,,False,,
2021-06-02 23:41:00,CaseB,59.4332,-62.22811,0.3428,93.1,4.2802,53.5,0.1456,102.1,,,False,,
2021-06-03 00:41:00,CaseB,59.43499,-62.21004,0.2891,79.0,4.5122,53.4,0.1475,101.4,,,False,,
2021-06-03 01:41:00,CaseB,59.43287,-62.17553,0.546,96.9,4.5291,59.4,0.154,100.2,,,False,,
2021-06-03 02:41:00,CaseB,59.42534,-62.15808,0.3594,130.3,4.3442,67.3,0.1619,100.1,,,False,,
2021-06-03 03:41:00,CaseB,59.42852,-62.18356,0.412,283.8,3.7299,68.3,0.158,103.0,,,False,,
2021-06-03 04:41:00,CaseB,59.42075,-62.16004,0.4404,123.0,3.0614,55.0,0.168,102.5,,,False,,
2021-06-03 05:41:00,CaseB,59.40794,-62.11691,0.7849,120.3,3.0356,31.4,0.1676,99.7,,,False,,
2021-06-03 06:41:00,CaseB,59.40593,-62.10765,0.1583,113.2,3.7795,14.7,0.1676,100.0,,,False,,
2021-06-03 07:41:00,CaseB,59.41796,-62.07628,0.6176,53.0,4.6891,10.1,0.1719,98.6,,,False,,
2021-06-03 08:41:00,CaseB,59.42328,-62.06463,0.2458,48.1,5.5814,10.3,0.1636,98.8,,,False,,
2021-06-03 09:41:00,CaseB,59.41236,-62.06761,0.3406,187.9,6.1106,8.8,0.1722,100.1,,,False,,
2021-06-03 10:41:00,CaseB,59.41882,-62.06181,0.2195,24.5,6.5454,6.8,0.1715,100.6,,,False,,
2021-06-03 11:41:00,CaseB,59.43438,-62.03245,0.6662,43.8,6.9426,4.3,0.1456,99.5,,,False,,
2021-06-03 12:41:00,CaseB,59.43986,-62.02857,0.18,19.8,6.8624,356.8,0.1384,100.3,,,False,,
2021-06-03 13:41:00,CaseB,59.43693,-62.03735,0.165,236.7,6.9187,345.3,0.1456,102.2,,,False,,
2021-06-03 14:41:00,CaseB,59.45979,-62.05959,0.7877,333.7,7.7129,337.9,0.1207,106.5,,,False,,
2021-06-03 15:41:00,CaseB,59.46638,-62.06869,0.2489,325.0,8.5911,334.9,0.1159,109.4,,,False,,
2021-06-03 16:41:00,CaseB,59.48447,-62.09222,0.6695,326.5,9.2027,331.5,0.1024,115.8,,,False,,
2021-06-03 17:41:00,CaseB,59.49644,-62.12529,0.6368,305.5,10.0289,331.2,0.1074,121.7,,,False,,
2021-06-03 18:41:00,CaseB,59.51525,-62.15056,0.7031,325.7,10.9395,332.9,0.1006,132.4,,,False,,
2021-06-03 19:41:00,CaseB,59.52521,-62.1726,0.4624,311.7,11.389,332.5,0.1015,140.4,,,False,,
2021-06-03 20:41:00,CaseB,59.54882,-62.18962,0.7765,339.9,11.6612,329.5,0.0902,160.8,,,False,,
2021-06-03 21:41:00,CaseB,59.572,-62.20965,0.7815,336.4,11.9148,325.7,0.0898,181.2,,,False,,
2021-06-03 22:41:00,CaseB,59.59034,-62.24528,0.7946,315.5,12.5096,323.6,0.0953,182.6,,,False,,
2021-06-03 23:41:00,CaseB,59.61031,-62.28616,0.8879,314.0,12.7964,323.5,0.0965,170.3,,,False,,
2021-06-04 00:41:00,CaseB,59.62093,-62.32982,0.757,295.7,12.4897,323.8,0.0955,161.3,,,False,,
2021-06-04 01:41:00,CaseB,59.64077,-62.35629,0.7392,326.0,11.3709,325.4,0.0854,155.2,,,False,,
2021-06-04 02:41:00,CaseB,59.66398,-62.40304,1.0229,314.5,9.6173,327.7,0.0755,143.8,,,False,,
2021-06-04 03:41:00,CaseB,59.67922,-62.43027,0.634,317.9,7.958,327.3,0.0733,136.6,,,False,,
2021-06-04 04:41:00,CaseB,59.69051,-62.42783,0.351,6.2,6.8556,325.8,0.0732,134.1,,,False,,
2021-06-04 05:41:00,CaseB,59.68869,-62.4169,0.1793,108.3,6.1824,325.5,0.0722,134.9,,,False,,
2021-06-04 06:41:00,CaseB,59.68964,-62.41579,0.0341,30.6,5.3092,329.7,0.0709,134.3,,,False,,
2021-06-04 07:41:00,CaseB,59.68991,-62.43151,0.2451,272.0,3.0079,19.7,0.0684,132.0,,,False,,
2021-06-04 08:41:00,CaseB,59.69134,-62.43266,0.0477,337.9,5.4614,107.4,0.0671,130.9,,,False,,
2021-06-04 09:41:00,CaseB,59.69394,-62.43938,0.1321,307.4,7.2121,125.9,0.0656,128.9,,,False,,
2021-06-04 10:41:00,CaseB,59.67379,-62.41819,0.7046,152.0,6.2753,126.5,0.0623,135.1,,,False,,
2021-06-04 11:41:00,CaseB,59.68135,-62.38545,0.5613,65.4,5.4186,115.1,0.0625,138.1,,,False,,
2021-06-04 12:41:00,CaseB,59.67512,-62.3583,0.4652,114.4,5.5056,100.6,0.0596,144.4,,,False,,
2021-06-04 13:41:00,CaseB,59.67953,-62.36324,0.1565,330.5,6.4996,88.4,0.0594,141.5,,,False,,
2021-06-04 14:41:00,CaseB,59.68625,-62.35279,0.264,38.1,7.4655,84.5,0.0608,140.5,,,False,,
2021-06-04 15:41:00,CaseB,59.69161,-62.3279,0.4217,66.9,7.9851,89.4,0.0644,142.0,,,False,,
2021-06-04 16:41:00,CaseB,59.69373,-62.29807,0.4697,82.0,8.1231,96.1,0.0721,144.2,,,False,,
2021-06-04 17:41:00,CaseB,59.70234,-62.27318,0.4701,55.6,8.1289,99.9,0.0843,142.8,,,False,,
2021-06-04 18:41:00,CaseB,59.69928,-62.24669,0.4235,102.9,7.9449,101.4,0.09,145.4,,,False,,
2021-06-04 19:41:00,CaseB,59.68252,-62.19503,0.9574,122.7,7.3053,103.4,0.1031,150.6,,,False,,
2021-06-04 20:41:00,CaseB,59.6832,-62.19473,0.0214,12.5,6.3405,102.6,0.1034,150.1,,,False,,
2021-06-04 21:41:00,CaseB,59.69216,-62.1975,0.2801,351.1,5.4163,99.7,0.1092,146.3,,,False,,
2021-06-04 22:41:00,CaseB,59.68153,-62.19212,0.3388,165.7,4.5419,91.3,0.1026,150.2,,,False,,
2021-06-04 23:41:00,CaseB,59.68907,-62.15436,0.6331,68.4,4.0284,75.0,0.1307,146.1,,,False,,
2021-06-05 00:41:00,CaseB,59.69301,-62.11816,0.5773,77.8,3.9622,53.1,0.1544,144.7,,,False,,
2021-06-05 01:41:00,CaseB,59.70574,-62.12343,0.4019,348.2,4.6892,41.7,0.162,142.3,,,False,,
2021-06-05 02:41:00,CaseB,59.7114,-62.11821,0.1927,25.0,5.5106,41.7,0.1694,141.6,,,False,,
2021-06-05 03:41:00,CaseB,59.71067,-62.09197,0.4093,93.1,6.0042,44.6,0.1816,142.4,,,False,,
2021-06-05 04:41:00,CaseB,59.71838,-62.06861,0.4348,56.8,6.0892,43.6,0.1859,141.9,,,False,,
2021-06-05 05:41:00,CaseB,59.71098,-62.04869,0.3854,126.4,6.162,38.0,0.1799,143.0,,,False,,
2021-06-05 06:41:00,CaseB,59.7229,-62.03075,0.4623,37.2,6.4578,31.9,0.174,142.4,,,False,,
2021-06-05 07:41:00,CaseB,59.72496,-62.02813,0.0755,32.6,6.7644,27.6,0.1724,142.6,,,False,,
2021-06-05 08:41:00,CaseB,59.74336,-62.02169,0.5773,10.0,6.7737,26.2,0.1634,142.0,,,False,,
2021-06-05 09:41:00,CaseB,59.75122,-61.99905,0.4276,55.4,5.9906,23.7,0.1407,143.0,,,False,,
2021-06-05 10:41:00,CaseB,59.75919,-62.00126,0.2486,352.0,5.5804,19.6,0.1269,142.9,,,False,,
2021-06-05 11:41:00,CaseB,59.76307,-62.00381,0.1261,341.7,5.3587,19.1,0.1211,142.8,,,False,,
2021-06-05 12:41:00,CaseB,59.7716,-62.00631,0.2665,351.6,5.1118,20.3,0.1072,142.3,,,False,,
2021-06-05 13:41:00,CaseB,59.77316,-61.99082,0.2457,78.7,4.7731,19.9,0.0886,144.3,,,False,,
2021-06-05 14:41:00,CaseB,59.76776,-61.97901,0.248,132.2,4.6009,18.3,0.0839,146.8,,,False,,
2021-06-05 15:41:00,CaseB,59.77391,-61.99634,0.3297,305.2,4.5151,20.1,0.0924,143.4,,,False,,
2021-06-05 16:41:00,CaseB,59.7813,-61.98819,0.2611,29.0,4.1729,25.5,0.0715,143.8,,,False,,
2021-06-05 17:41:00,CaseB,59.79067,-61.94669,0.7069,65.8,3.7341,32.5,0.0213,165.9,,,False,,
2021-06-05 18:41:00,CaseB,59.80122,-61.95593,0.356,336.2,3.3318,38.4,0.016,154.5,,,False,,
2021-06-05 19:41:00,CaseB,59.79928,-61.97142,0.2481,256.0,3.0504,44.6,0.0302,140.8,,,False,,
2021-06-05 20:41:00,CaseB,59.81334,-61.96795,0.4376,7.1,3.0092,51.5,0.0115,116.3,,,False,,
2021-06-05 21:41:00,CaseB,59.80806,-61.97454,0.1923,212.2,2.8092,54.6,0.0226,126.5,,,False,,
2021-06-05 22:41:00,CaseB,59.80371,-61.97147,0.1426,160.5,2.649,55.1,0.0258,130.3,,,False,,
2021-06-05 23:41:00,CaseB,59.79605,-61.95012,0.4075,125.5,2.5669,59.8,0.0159,139.1,,,False,,
2021-06-06 00:41:00,CaseB,59.79319,-61.96341,0.2247,246.8,2.5404,70.4,0.0307,138.7,,,False,,
2021-06-06 01:41:00,CaseB,59.80778,-61.96668,0.4535,353.6,2.4867,85.0,0.0191,119.3,,,False,,
2021-06-06 02:41:00,CaseB,59.80803,-61.94823,0.2867,88.5,2.1053,99.9,0.0063,86.4,,,False,,
2021-06-06 03:41:00,CaseB,59.81386,-61.96386,0.3023,306.6,1.3794,115.2,0.0129,98.1,,,False,,
2021-06-06 04:41:00,CaseB,59.80152,-61.97724,0.4342,208.6,0.4506,141.7,0.0346,132.5,,,False,,
2021-06-06 05:41:00,CaseB,59.8034,-61.95866,0.2945,78.6,0.6001,299.2,0.0171,125.6,,,False,,
2021-06-06 06:41:00,CaseB,59.8062,-61.94492,0.2302,67.9,1.5215,322.8,0.0053,77.2,,,False,,
2021-06-06 07:41:00,CaseB,59.80254,-61.93226,0.2268,119.9,2.1484,336.5,0.0067,351.7,,,False,,
2021-06-06 08:41:00,CaseB,59.80966,-61.94782,0.3267,312.3,2.6137,351.0,0.0063,65.2,,,False,,
2021-06-06 09:41:00,CaseB,59.80661,-61.95874,0.1939,241.0,2.7442,12.3,0.0147,118.8,,,False,,
2021-06-06 10:41:00,CaseB,59.80856,-61.96272,0.0864,314.3,2.9387,24.4,0.0163,118.7,,,False,,
2021-06-06 11:41:00,CaseB,59.79972,-61.96412,0.2739,184.5,2.8684,23.8,0.026,133.8,,,False,,
2021-06-06 12:41:00,CaseB,59.78417,-61.96998,0.489,190.7,2.9935,20.0,0.0489,143.5,,,False,,
2021-06-06 13:41:00,CaseB,59.77316,-61.95666,0.3984,148.7,3.3134,22.8,0.0454,146.4,,,False,,
2021-06-06 14:41:00,CaseB,59.77494,-61.96891,0.1984,286.2,3.6944,38.0,0.0584,145.9,,,False,,
2021-06-06 15:41:00,CaseB,59.78756,-61.97376,0.3968,349.1,4.1004,61.6,0.0497,142.8,,,False,,
2021-06-06 16:41:00,CaseB,59.78946,-61.98486,0.1821,288.8,4.52,83.9,0.0598,143.1,,,False,,
2021-06-06 17:41:00,CaseB,59.77865,-61.97564,0.3632,156.8,4.5487,97.3,0.0626,145.4,,,False,,
2021-06-06 18:41:00,CaseB,59.77429,-61.95852,0.2983,116.8,4.3678,99.5,0.0469,145.1,,,False,,
2021-06-06 19:41:00,CaseB,59.77768,-61.93846,0.329,71.4,4.3976,95.8,0.0196,137.6,,,False,,
2021-06-06 20:41:00,CaseB,59.78568,-61.8972,0.6873,68.9,4.5588,93.8,0.0218,338.9,,,False,,
2021-06-06 21:41:00,CaseB,59.78237,-61.89392,0.1142,153.4,4.0747,96.7,0.0225,339.6,,,False,,
2021-06-06 22:41:00,CaseB,59.78587,-61.86995,0.3879,73.8,3.9504,99.9,0.0364,335.2,,,False,,
2021-06-06 23:41:00,CaseB,59.77209,-61.8535,0.4964,149.0,3.9856,103.4,0.0461,333.6,,,False,,
2021-06-07 00:41:00,CaseB,59.76493,-61.84728,0.2413,156.4,3.8368,103.8,0.0519,331.6,,,False,,
2021-06-07 01:41:00,CaseB,59.76281,-61.83693,0.1739,112.1,3.5391,101.1,0.0611,329.0,,,False,,
2021-06-07 02:41:00,CaseB,59.76431,-61.81772,0.3023,81.2,3.3196,98.3,0.0568,322.7,,,False,,
2021-06-07 03:41:00,CaseB,59.75989,-61.80088,0.2954,117.5,3.0393,98.9,0.0527,314.6,,,False,,
2021-06-07 04:41:00,CaseB,59.75581,-61.81094,0.2009,231.2,2.8079,96.5,0.0597,317.0,,,False,,
2021-06-07 05:41:00,CaseB,59.75815,-61.80739,0.0908,37.5,2.964,89.3,0.059,314.3,,,False,,
2021-06-07 06:41:00,CaseB,59.75745,-61.76902,0.5974,92.1,3.0158,85.4,0.0502,296.0,,,False,,
2021-06-07 07:41:00,CaseB,59.75412,-61.77927,0.1898,237.2,2.7922,86.8,0.0565,300.8,,,False,,
2021-06-07 08:41:00,CaseB,59.75731,-61.78262,0.1113,332.1,2.3845,94.0,0.0574,300.9,,,False,,
2021-06-07 09:41:00,CaseB,59.75721,-61.80317,0.3198,269.5,1.9398,116.8,0.0645,307.9,,,False,,
2021-06-07 10:41:00,CaseB,59.75838,-61.79945,0.0683,58.0,1.4093,140.7,0.0647,305.5,,,False,,
2021-06-07 11:41:00,CaseB,59.75605,-61.80853,0.1586,243.0,1.1351,201.9,0.0698,307.6,,,False,,
2021-06-07 12:41:00,CaseB,59.75237,-61.83191,0.3811,252.6,2.3095,247.4,0.0783,313.1,,,False,,
2021-06-07 13:41:00,CaseB,59.75651,-61.84441,0.2328,303.4,3.5041,268.2,0.0698,310.6,,,False,,
2021-06-07 14:41:00,CaseB,59.76424,-61.86839,0.4428,302.6,4.7227,286.6,0.0525,304.3,,,False,,
2021-06-07 15:41:00,CaseB,59.75163,-61.85446,0.4458,150.9,6.2227,298.1,0.0645,305.8,,,False,,
2021-06-07 16:41:00,CaseB,59.76265,-61.86044,0.353,344.7,7.3303,302.5,0.0613,303.8,,,False,,
2021-06-07 17:41:00,CaseB,59.76754,-61.88591,0.424,290.9,8.1552,303.3,0.0461,294.4,,,False,,
2021-06-07 18:41:00,CaseB,59.7744,-61.90704,0.391,302.8,8.9641,302.5,0.038,284.8,,,False,,
2021-06-07 19:41:00,CaseB,59.77189,-61.93499,0.4415,259.9,9.4847,300.6,0.0278,236.6,,,False,,
2021-06-07 20:41:00,CaseB,59.79037,-61.94402,0.5878,346.2,9.782,297.9,0.0277,249.6,,,False,,
2021-06-07 21:41:00,CaseB,59.78948,-61.98557,0.6464,267.6,9.7903,296.8,0.046,183.9,,,False,,
2021-06-07 22:41:00,CaseB,59.79432,-62.00675,0.3614,294.4,9.8739,294.3,0.0564,174.6,,,False,,
2021-06-07 23:41:00,CaseB,59.80033,-62.03479,0.4737,293.1,10.3615,289.0,0.0674,164.8,,,False,,
2021-06-08 00:41:00,CaseB,59.81301,-62.05888,0.5415,316.3,10.9506,284.6,0.0741,155.6,,,False,,
2021-06-08 01:41:00,CaseB,59.80901,-62.10936,0.7938,261.1,11.1785,281.2,0.1062,146.9,,,False,,
2021-06-08 02:41:00,CaseB,59.81857,-62.17416,1.0487,286.3,10.9954,276.1,0.1229,133.5,,,False,,
2021-06-08 03:41:00,CaseB,59.81744,-62.23106,0.8844,267.7,10.6777,270.1,0.1207,122.8,,,False,,
2021-06-08 04:41:00,CaseB,59.81771,-62.27658,0.707,270.7,10.3678,264.8,0.1183,114.6,,,False,,
2021-06-08 05:41:00,CaseB,59.81827,-62.34,0.9848,271.0,10.0782,261.6,0.1135,103.6,,,False,,
2021-06-08 06:41:00,CaseB,59.81759,-62.36391,0.3719,266.8,9.3001,259.3,0.1133,101.1,,,False,,
2021-06-08 07:41:00,CaseB,59.81669,-62.3952,0.4867,266.7,8.1005,255.4,0.1127,97.5,,,False,,
2021-06-08 08:41:00,CaseB,59.79366,-62.40842,0.7404,196.1,7.0158,249.0,0.0961,101.0,,,False,,
2021-06-08 09:41:00,CaseB,59.79417,-62.39283,0.2428,86.3,6.6474,244.4,0.1001,104.8,,,False,,
2021-06-08 10:41:00,CaseB,59.78813,-62.41463,0.3868,241.2,6.3692,242.3,0.0969,103.6,,,False,,
2021-06-08 11:41:00,CaseB,59.78422,-62.41787,0.1309,202.6,5.623,240.1,0.0968,105.1,,,False,,
2021-06-08 12:41:00,CaseB,59.79718,-62.45626,0.7185,303.9,4.5673,233.2,0.1076,100.6,,,False,,
2021-06-08 13:41:00,CaseB,59.80228,-62.46142,0.1769,333.1,3.7644,220.6,0.113,100.6,,,False,,
2021-06-08 14:41:00,CaseB,59.81109,-62.47258,0.3226,327.5,3.5578,208.9,0.1202,99.7,,,False,,
2021-06-08 15:41:00,CaseB,59.81246,-62.46762,0.088,61.2,3.7747,203.6,0.1234,101.0,,,False,,
2021-06-08 16:41:00,CaseB,59.81799,-62.4827,0.2898,306.1,3.9737,202.9,0.1277,100.6,,,False,,
2021-06-08 17:41:00,CaseB,59.82398,-62.47168,0.2519,42.7,3.9091,202.2,0.1336,101.5,,,False,,
2021-06-08 18:41:00,CaseB,59.81637,-62.48033,0.2707,209.8,3.6437,200.7,0.1311,103.0,,,False,,
2021-06-08 19:41:00,CaseB,59.80457,-62.44434,0.6673,123.1,3.3805,196.8,0.1296,107.2,,,False,,
2021-06-08 20:41:00,CaseB,59.80956,-62.4448,0.1544,357.4,3.164,188.9,0.1347,107.4,,,False,,
2021-06-08 21:41:00,CaseB,59.81031,-62.44083,0.0659,69.5,2.6736,175.7,0.1378,108.3,,,False,,
2021-06-08 22:41:00,CaseB,59.80964,-62.44315,0.0416,240.2,2.6818,158.8,0.1398,109.1,,,False,,
2021-06-08 23:41:00,CaseB,59.81865,-62.45807,0.3622,320.2,3.1056,147.0,0.1451,108.3,,,False,,
2021-06-09 00:41:00,CaseB,59.80949,-62.45382,0.2906,166.9,3.572,142.4,0.1427,110.3,,,False,,
2021-06-09 01:41:00,CaseB,59.80155,-62.43705,0.3577,133.3,3.9196,142.4,0.142,112.7,,,False,,
2021-06-09 02:41:00,CaseB,59.78642,-62.45024,0.5103,203.7,4.1616,145.0,0.1374,114.3,,,False,,
2021-06-09 03:41:00,CaseB,59.77999,-62.43298,0.3338,126.5,4.2551,148.4,0.1387,116.4,,,False,,
2021-06-09 04:41:00,CaseB,59.78273,-62.42861,0.1086,38.7,4.1145,152.2,0.1419,116.7,,,False,,
2021-06-09 05:41:00,CaseB,59.77179,-62.43985,0.3806,207.3,3.8708,152.4,0.1411,117.4,,,False,,
2021-06-09 06:41:00,CaseB,59.76742,-62.44016,0.135,182.0,3.7789,146.2,0.143,117.8,,,False,,
2021-06-09 07:41:00,CaseB,59.76027,-62.43464,0.2368,158.8,3.9753,136.9,0.1452,118.6,,,False,,
2021-06-09 08:41:00,CaseB,59.75438,-62.4281,0.2087,150.8,4.3263,131.5,0.148,119.3,,,False,,
2021-06-09 09:41:00,CaseB,59.74279,-62.43019,0.3592,185.2,5.1247,133.4,0.1443,121.1,,,False,,
2021-06-09 10:41:00,CaseB,59.72955,-62.41611,0.464,151.8,5.2083,136.5,0.1364,125.6,,,False,,
2021-06-09 11:41:00,CaseB,59.72048,-62.42453,0.3092,205.1,5.1449,140.4,0.1316,127.6,,,False,,
2021-06-09 12:41:00,CaseB,59.73095,-62.41902,0.3348,14.8,5.3607,142.7,0.1443,124.4,,,False,,
2021-06-09 13:41:00,CaseB,59.73087,-62.42118,0.0338,265.8,5.3975,144.5,0.1475,124.0,,,False,,
2021-06-09 14:41:00,CaseB,59.71439,-62.40165,0.5931,149.1,5.2151,144.8,0.1391,130.1,,,False,,
2021-06-09 15:41:00,CaseB,59.69821,-62.38287,0.5792,149.6,5.0037,144.0,0.1327,136.8,,,False,,
2021-06-09 16:41:00,CaseB,59.69598,-62.41678,0.5331,262.6,5.0723,141.0,0.1286,134.0,,,False,,
2021-06-09 17:41:00,CaseB,59.69275,-62.43633,0.3205,251.9,5.1728,139.5,0.1281,133.7,,,False,,
2021-06-09 18:41:00,CaseB,59.69864,-62.43933,0.1879,345.6,5.5212,138.5,0.1357,131.0,,,False,,
2021-06-09 19:41:00,CaseB,59.68785,-62.41464,0.5092,130.9,6.1085,138.4,0.1322,135.3,,,False,,
2021-06-09 20:41:00,CaseB,59.67025,-62.41538,0.5436,181.2,6.6297,138.7,0.1225,141.2,,,False,,
2021-06-09 21:41:00,CaseB,59.65889,-62.41176,0.3556,170.9,7.2392,138.5,0.1184,145.4,,,False,,
