observation_index,datetime,latitude,longitude,iceberg_number
1,2021-06-02 16:41:00,59.42667,-62.41,20857
2,2021-06-09 21:59:00,59.405,-62.115,20857
3,2021-06-24 10:19:00,59.05667,-61.45,20857
4,2021-06-28 15:36:00,58.55333,-61.61333,20857
5,2021-06-29 06:15:00,58.835,-60.92833,20857
6,2021-07-13 10:11:00,56.80833,-60.26833,20857
7,2021-07-17 21:41:00,56.14833,-60.115,20857
8,2021-07-25 15:26:00,55.64667,-59.23333,20857
9,2021-07-28 19:49:00,55.52333,-58.18333,20857
10,2021-07-30 21:49:00,55.42833,-57.985,20857
11,2021-08-01 21:34:00,55.46,-57.78833,20857
12,2021-08-02 10:10:00,55.45,-57.685,20857
13,2021-08-02 21:42:00,55.44667,-57.60667,20857
14,2021-08-03 21:49:00,55.45167,-57.55167,20857
15,2021-08-04 09:56:00,55.465,-57.46333,20857
16,2021-08-04 21:26:00,55.45,-57.42333,20857
17,2021-08-05 10:02:00,55.48167,-57.39167,20857
18,2021-08-05 21:34:00,55.52,-57.44333,20857
19,2021-08-06 10:10:00,55.56167,-57.43167,20857
20,2021-08-08 09:55:00,55.49833,-56.72667,20857
21,2021-08-09 21:32:00,55.39167,-56.23667,20857
