time,particle,lon,lat
2024-01-01T00:00:00.000000000,1,0.0,72.0
2024-01-01T01:00:00.000000000,1,0.07475204765796661,71.99098205566406
2024-01-01T02:00:00.000000000,1,0.10966922342777252,71.99193572998047
2024-01-01T03:00:00.000000000,1,0.07833380997180939,71.97928619384766
2024-01-01T04:00:00.000000000,1,0.11349684000015259,71.97888946533203
2024-01-01T05:00:00.000000000,1,0.11910301446914673,71.9739761352539
2024-01-01T06:00:00.000000000,1,0.12845847010612488,71.97565460205078
2024-01-01T07:00:00.000000000,1,0.14329782128334045,71.97101593017578
2024-01-01T08:00:00.000000000,1,0.1925363391637802,71.96422576904297
2024-01-01T09:00:00.000000000,1,0.195250004529953,71.97705841064453
2024-01-01T10:00:00.000000000,1,0.21669840812683105,71.98085021972656
2024-01-01T11:00:00.000000000,1,0.29435354471206665,71.9940414428711
2024-01-01T12:00:00.000000000,1,0.37165847420692444,71.9985580444336
2024-01-01T13:00:00.000000000,1,0.41230252385139465,71.99583435058594
2024-01-01T14:00:00.000000000,1,0.424753874540329,71.99939727783203
2024-01-01T15:00:00.000000000,1,0.4194614589214325,72.00499725341797
2024-01-01T16:00:00.000000000,1,0.44918322563171387,71.99836730957031
2024-01-01T17:00:00.000000000,1,0.4683222472667694,72.00320434570312
2024-01-01T18:00:00.000000000,1,0.5223730802536011,72.00680541992188
2024-01-01T19:00:00.000000000,1,0.5450737476348877,71.9930419921875
2024-01-01T20:00:00.000000000,1,0.5446764826774597,71.99015045166016
2024-01-01T21:00:00.000000000,1,0.5669841170310974,71.97627258300781
2024-01-01T22:00:00.000000000,1,0.6206849813461304,71.97157287597656
2024-01-01T23:00:00.000000000,1,0.628557562828064,71.97046661376953
2024-01-02T00:00:00.000000000,1,0.6249265074729919,71.97482299804688
2024-01-02T01:00:00.000000000,1,0.6406332850456238,71.96049499511719
2024-01-02T02:00:00.000000000,1,0.6847482919692993,71.96420288085938
2024-01-02T03:00:00.000000000,1,0.6868999004364014,71.96405029296875
2024-01-02T04:00:00.000000000,1,0.7280234694480896,71.9594955444336
2024-01-02T05:00:00.000000000,1,0.7566344141960144,71.9625473022461
2024-01-02T06:00:00.000000000,1,0.7725425958633423,71.9696044921875
2024-01-02T07:00:00.000000000,1,0.7718142867088318,71.96452331542969
2024-01-02T08:00:00.000000000,1,0.7998650074005127,71.96365356445312
2024-01-02T09:00:00.000000000,1,0.8135375380516052,71.95970153808594
2024-01-02T10:00:00.000000000,1,0.8631999492645264,71.96273040771484
2024-01-02T11:00:00.000000000,1,0.9207482933998108,71.95901489257812
2024-01-02T12:00:00.000000000,1,0.9333264231681824,71.9534683227539
2024-01-02T13:00:00.000000000,1,0.9817736148834229,71.95310974121094
2024-01-02T14:00:00.000000000,1,1.019966959953308,71.95528411865234
2024-01-02T15:00:00.000000000,1,1.0096557140350342,71.94110107421875
2024-01-02T16:00:00.000000000,1,1.0548503398895264,71.93372344970703
2024-01-02T17:00:00.000000000,1,1.0714607238769531,71.93484497070312
2024-01-02T18:00:00.000000000,1,1.067287564277649,71.93846893310547
2024-01-02T19:00:00.000000000,1,1.1213586330413818,71.9375991821289
2024-01-02T20:00:00.000000000,1,1.1412032842636108,71.93841552734375
2024-01-02T21:00:00.000000000,1,1.1628059148788452,71.93595886230469
2024-01-02T22:00:00.000000000,1,1.1682250499725342,71.94974517822266
2024-01-02T23:00:00.000000000,1,1.186828851699829,71.96650695800781
2024-01-03T00:00:00.000000000,1,1.1686500310897827,71.97248077392578
2024-01-01T00:00:00.000000000,2,0.0,72.0
2024-01-01T01:00:00.000000000,2,0.04123510792851448,72.00564575195312
2024-01-01T02:00:00.000000000,2,0.10842911899089813,72.01541900634766
2024-01-01T03:00:00.000000000,2,0.15593241155147552,72.0141830444336
2024-01-01T04:00:00.000000000,2,0.19665834307670593,72.02195739746094
2024-01-01T05:00:00.000000000,2,0.19314512610435486,72.0108413696289
2024-01-01T06:00:00.000000000,2,0.2340744286775589,72.009765625
2024-01-01T07:00:00.000000000,2,0.25664210319519043,71.99578857421875
2024-01-01T08:00:00.000000000,2,0.291196346282959,71.98758697509766
2024-01-01T09:00:00.000000000,2,0.3447141945362091,71.99496459960938
2024-01-01T10:00:00.000000000,2,0.40614908933639526,71.99346160888672
2024-01-01T11:00:00.000000000,2,0.4044055640697479,71.98873138427734
2024-01-01T12:00:00.000000000,2,0.4580528736114502,71.99435424804688
2024-01-01T13:00:00.000000000,2,0.4624137282371521,71.98945617675781
2024-01-01T14:00:00.000000000,2,0.5070433020591736,71.99226379394531
2024-01-01T15:00:00.000000000,2,0.549217939376831,71.98373413085938
2024-01-01T16:00:00.000000000,2,0.6226957440376282,71.99071502685547
2024-01-01T17:00:00.000000000,2,0.7014757394790649,71.98152160644531
2024-01-01T18:00:00.000000000,2,0.7406635284423828,71.97383117675781
2024-01-01T19:00:00.000000000,2,0.7382639646530151,71.96385192871094
2024-01-01T20:00:00.000000000,2,0.7761512398719788,71.9681396484375
2024-01-01T21:00:00.000000000,2,0.8016133308410645,71.96636962890625
2024-01-01T22:00:00.000000000,2,0.8407349586486816,71.96466064453125
2024-01-01T23:00:00.000000000,2,0.8635753393173218,71.96427154541016
2024-01-02T00:00:00.000000000,2,0.8827923536300659,71.97405242919922
2024-01-02T01:00:00.000000000,2,0.9043806195259094,71.98123168945312
2024-01-02T02:00:00.000000000,2,0.9216005802154541,71.97412872314453
2024-01-02T03:00:00.000000000,2,0.9405009150505066,71.97653198242188
2024-01-02T04:00:00.000000000,2,0.9037474989891052,71.97869110107422
2024-01-02T05:00:00.000000000,2,0.9601500034332275,71.96916198730469
2024-01-02T06:00:00.000000000,2,0.9796806573867798,71.96832275390625
2024-01-02T07:00:00.000000000,2,1.0517011880874634,71.95658874511719
2024-01-02T08:00:00.000000000,2,1.1094598770141602,71.9546890258789
2024-01-02T09:00:00.000000000,2,1.1208341121673584,71.951904296875
2024-01-02T10:00:00.000000000,2,1.1230055093765259,71.93697357177734
2024-01-02T11:00:00.000000000,2,1.1431825160980225,71.9326171875
2024-01-02T12:00:00.000000000,2,1.1392602920532227,71.9170150756836
2024-01-02T13:00:00.000000000,2,1.170606017112732,71.91398620605469
2024-01-02T14:00:00.000000000,2,1.1775394678115845,71.91729736328125
2024-01-02T15:00:00.000000000,2,1.2182705402374268,71.90821838378906
2024-01-02T16:00:00.000000000,2,1.2440588474273682,71.91316223144531
2024-01-02T17:00:00.000000000,2,1.2479842901229858,71.91777801513672
2024-01-02T18:00:00.000000000,2,1.2988346815109253,71.91901397705078
2024-01-02T19:00:00.000000000,2,1.3443517684936523,71.92460632324219
2024-01-02T20:00:00.000000000,2,1.340904951095581,71.92926788330078
2024-01-02T21:00:00.000000000,2,1.3437711000442505,71.93115997314453
2024-01-02T22:00:00.000000000,2,1.3951396942138672,71.92601776123047
2024-01-02T23:00:00.000000000,2,1.4024431705474854,71.91712951660156
2024-01-03T00:00:00.000000000,2,1.4204832315444946,71.92557525634766
2024-01-01T00:00:00.000000000,3,0.0,72.0
2024-01-01T01:00:00.000000000,3,0.05545705184340477,71.99726867675781
2024-01-01T02:00:00.000000000,3,0.10555347800254822,71.99412536621094
2024-01-01T03:00:00.000000000,3,0.15818320214748383,71.99111938476562
2024-01-01T04:00:00.000000000,3,0.16772893071174622,71.99867248535156
2024-01-01T05:00:00.000000000,3,0.15715081989765167,72.00299835205078
2024-01-01T06:00:00.000000000,3,0.17598307132720947,72.00372314453125
2024-01-01T07:00:00.000000000,3,0.18737778067588806,72.00565338134766
2024-01-01T08:00:00.000000000,3,0.2467983514070511,71.99967193603516
2024-01-01T09:00:00.000000000,3,0.28963881731033325,71.99671936035156
2024-01-01T10:00:00.000000000,3,0.3261490762233734,72.00872039794922
2024-01-01T11:00:00.000000000,3,0.3263089060783386,72.00144958496094
2024-01-01T12:00:00.000000000,3,0.336525022983551,71.99868774414062
2024-01-01T13:00:00.000000000,3,0.37525296211242676,72.01116943359375
2024-01-01T14:00:00.000000000,3,0.3900727927684784,72.00800323486328
2024-01-01T15:00:00.000000000,3,0.4255797564983368,72.0149154663086
2024-01-01T16:00:00.000000000,3,0.438676118850708,72.00511932373047
2024-01-01T17:00:00.000000000,3,0.4934139847755432,71.99178314208984
2024-01-01T18:00:00.000000000,3,0.5458459258079529,71.9849624633789
2024-01-01T19:00:00.000000000,3,0.5613981485366821,71.98377227783203
2024-01-01T20:00:00.000000000,3,0.5917970538139343,71.98845672607422
2024-01-01T21:00:00.000000000,3,0.6501849293708801,71.98125457763672
2024-01-01T22:00:00.000000000,3,0.7008643746376038,71.98255920410156
2024-01-01T23:00:00.000000000,3,0.7208364605903625,71.98274230957031
2024-01-02T00:00:00.000000000,3,0.7388738393783569,71.96541595458984
2024-01-02T01:00:00.000000000,3,0.7669446468353271,71.9720458984375
2024-01-02T02:00:00.000000000,3,0.8017728924751282,71.95994567871094
2024-01-02T03:00:00.000000000,3,0.8184651732444763,71.95903778076172
2024-01-02T04:00:00.000000000,3,0.8977762460708618,71.9565658569336
2024-01-02T05:00:00.000000000,3,0.9121090173721313,71.96419525146484
2024-01-02T06:00:00.000000000,3,0.9999986290931702,71.967041015625
2024-01-02T07:00:00.000000000,3,1.0284361839294434,71.95521545410156
2024-01-02T08:00:00.000000000,3,1.032114028930664,71.95144653320312
2024-01-02T09:00:00.000000000,3,1.070163607597351,71.96702575683594
2024-01-02T10:00:00.000000000,3,1.1204841136932373,71.96887969970703
2024-01-02T11:00:00.000000000,3,1.1349369287490845,71.9684829711914
2024-01-02T12:00:00.000000000,3,1.1997663974761963,71.96326446533203
2024-01-02T13:00:00.000000000,3,1.2539618015289307,71.95867919921875
2024-01-02T14:00:00.000000000,3,1.3059210777282715,71.94515228271484
2024-01-02T15:00:00.000000000,3,1.2819528579711914,71.932373046875
2024-01-02T16:00:00.000000000,3,1.3045682907104492,71.93946838378906
2024-01-02T17:00:00.000000000,3,1.3546504974365234,71.93833923339844
2024-01-02T18:00:00.000000000,3,1.378362774848938,71.93783569335938
2024-01-02T19:00:00.000000000,3,1.3583729267120361,71.91541290283203
2024-01-02T20:00:00.000000000,3,1.4108948707580566,71.91387176513672
2024-01-02T21:00:00.000000000,3,1.4400405883789062,71.90495300292969
2024-01-02T22:00:00.000000000,3,1.4825944900512695,71.88663482666016
2024-01-02T23:00:00.000000000,3,1.5030667781829834,71.87902069091797
2024-01-03T00:00:00.000000000,3,1.5275248289108276,71.87073516845703
2024-01-01T00:00:00.000000000,4,0.0,72.0
2024-01-01T01:00:00.000000000,4,0.08649248629808426,71.99762725830078
2024-01-01T02:00:00.000000000,4,0.12087195366621017,71.99842071533203
2024-01-01T03:00:00.000000000,4,0.13400113582611084,72.00849914550781
2024-01-01T04:00:00.000000000,4,0.1166846826672554,72.00395965576172
2024-01-01T05:00:00.000000000,4,0.19603076577186584,71.99010467529297
2024-01-01T06:00:00.000000000,4,0.1983969807624817,71.98369598388672
2024-01-01T07:00:00.000000000,4,0.1873648762702942,71.97521209716797
2024-01-01T08:00:00.000000000,4,0.18839490413665771,71.97125244140625
2024-01-01T09:00:00.000000000,4,0.18203693628311157,71.9615249633789
2024-01-01T10:00:00.000000000,4,0.23733144998550415,71.96090698242188
2024-01-01T11:00:00.000000000,4,0.2924638092517853,71.97395324707031
2024-01-01T12:00:00.000000000,4,0.3707262873649597,71.97703552246094
2024-01-01T13:00:00.000000000,4,0.43466389179229736,71.98056030273438
2024-01-01T14:00:00.000000000,4,0.4668048918247223,71.98198699951172
2024-01-01T15:00:00.000000000,4,0.5137581825256348,71.97039794921875
2024-01-01T16:00:00.000000000,4,0.5248199105262756,71.96009063720703
2024-01-01T17:00:00.000000000,4,0.5582941770553589,71.96754455566406
2024-01-01T18:00:00.000000000,4,0.5736535787582397,71.9625015258789
2024-01-01T19:00:00.000000000,4,0.550435483455658,71.95528411865234
2024-01-01T20:00:00.000000000,4,0.5530725717544556,71.97015380859375
2024-01-01T21:00:00.000000000,4,0.6005032062530518,71.97069549560547
2024-01-01T22:00:00.000000000,4,0.6203839778900146,71.98629760742188
2024-01-01T23:00:00.000000000,4,0.6635805368423462,71.98017120361328
2024-01-02T00:00:00.000000000,4,0.7051604390144348,71.9818344116211
2024-01-02T01:00:00.000000000,4,0.7292084693908691,71.97406768798828
2024-01-02T02:00:00.000000000,4,0.7527203559875488,71.96044921875
2024-01-02T03:00:00.000000000,4,0.7827561497688293,71.95650482177734
2024-01-02T04:00:00.000000000,4,0.8236371874809265,71.9394760131836
2024-01-02T05:00:00.000000000,4,0.8925954103469849,71.9431381225586
2024-01-02T06:00:00.000000000,4,0.8979099988937378,71.93851470947266
2024-01-02T07:00:00.000000000,4,0.9125238060951233,71.94221496582031
2024-01-02T08:00:00.000000000,4,0.9259076714515686,71.9401626586914
2024-01-02T09:00:00.000000000,4,0.9353682994842529,71.93321990966797
2024-01-02T10:00:00.000000000,4,0.9376490712165833,71.92643737792969
2024-01-02T11:00:00.000000000,4,0.9391744136810303,71.92925262451172
2024-01-02T12:00:00.000000000,4,0.9535620212554932,71.92401885986328
2024-01-02T13:00:00.000000000,4,0.993151843547821,71.92040252685547
2024-01-02T14:00:00.000000000,4,1.0183032751083374,71.91725158691406
2024-01-02T15:00:00.000000000,4,1.0245081186294556,71.9281997680664
2024-01-02T16:00:00.000000000,4,1.016160011291504,71.9377670288086
2024-01-02T17:00:00.000000000,4,1.0561792850494385,71.93477630615234
2024-01-02T18:00:00.000000000,4,1.0817376375198364,71.94475555419922
2024-01-02T19:00:00.000000000,4,1.1160696744918823,71.93885040283203
2024-01-02T20:00:00.000000000,4,1.1541473865509033,71.94335174560547
2024-01-02T21:00:00.000000000,4,1.1902061700820923,71.93582153320312
2024-01-02T22:00:00.000000000,4,1.2283306121826172,71.93575286865234
2024-01-02T23:00:00.000000000,4,1.264054775238037,71.9167709350586
2024-01-03T00:00:00.000000000,4,1.2779252529144287,71.92377471923828
2024-01-01T00:00:00.000000000,5,0.0,72.0
2024-01-01T01:00:00.000000000,5,0.07732222974300385,72.00153350830078
2024-01-01T02:00:00.000000000,5,0.11962790787220001,71.99345397949219
2024-01-01T03:00:00.000000000,5,0.20683535933494568,72.00304412841797
2024-01-01T04:00:00.000000000,5,0.22967644035816193,71.99916076660156
2024-01-01T05:00:00.000000000,5,0.24853584170341492,71.99595642089844
2024-01-01T06:00:00.000000000,5,0.2792277932167053,71.99162292480469
2024-01-01T07:00:00.000000000,5,0.3149662911891937,71.99043273925781
2024-01-01T08:00:00.000000000,5,0.3562304675579071,71.9892807006836
2024-01-01T09:00:00.000000000,5,0.42419466376304626,71.99571228027344
2024-01-01T10:00:00.000000000,5,0.464341402053833,71.99718475341797
2024-01-01T11:00:00.000000000,5,0.4668680727481842,72.0068588256836
2024-01-01T12:00:00.000000000,5,0.4916759133338928,72.01229095458984
2024-01-01T13:00:00.000000000,5,0.505994439125061,72.01380157470703
2024-01-01T14:00:00.000000000,5,0.5217689871788025,72.00391387939453
2024-01-01T15:00:00.000000000,5,0.6117695569992065,71.99880981445312
2024-01-01T16:00:00.000000000,5,0.6407386660575867,71.993896484375
2024-01-01T17:00:00.000000000,5,0.6419925689697266,71.99472045898438
2024-01-01T18:00:00.000000000,5,0.647950291633606,71.99327087402344
2024-01-01T19:00:00.000000000,5,0.6947090029716492,72.00342559814453
2024-01-01T20:00:00.000000000,5,0.7389829158782959,72.01200866699219
2024-01-01T21:00:00.000000000,5,0.7861447334289551,72.00967407226562
2024-01-01T22:00:00.000000000,5,0.7943168878555298,72.00777435302734
2024-01-01T23:00:00.000000000,5,0.7878211736679077,72.00437927246094
2024-01-02T00:00:00.000000000,5,0.7907750010490417,72.00794219970703
2024-01-02T01:00:00.000000000,5,0.8145824074745178,71.99520874023438
2024-01-02T02:00:00.000000000,5,0.8629705905914307,71.9982681274414
2024-01-02T03:00:00.000000000,5,0.8467487692832947,71.9974136352539
2024-01-02T04:00:00.000000000,5,0.8620819449424744,72.01153564453125
2024-01-02T05:00:00.000000000,5,0.9005419611930847,72.01985168457031
2024-01-02T06:00:00.000000000,5,0.9286195635795593,72.02108001708984
2024-01-02T07:00:00.000000000,5,0.9764501452445984,72.0182876586914
2024-01-02T08:00:00.000000000,5,0.9983991384506226,72.01588439941406
2024-01-02T09:00:00.000000000,5,1.001322627067566,72.02147674560547
2024-01-02T10:00:00.000000000,5,0.9672413468360901,72.03250122070312
2024-01-02T11:00:00.000000000,5,0.9878244996070862,72.03357696533203
2024-01-02T12:00:00.000000000,5,1.0031993389129639,72.03671264648438
2024-01-02T13:00:00.000000000,5,1.0342661142349243,72.02655029296875
2024-01-02T14:00:00.000000000,5,1.0669212341308594,72.03166198730469
2024-01-02T15:00:00.000000000,5,1.0993173122406006,72.03132629394531
2024-01-02T16:00:00.000000000,5,1.1235703229904175,72.0362319946289
2024-01-02T17:00:00.000000000,5,1.111464023590088,72.02850341796875
2024-01-02T18:00:00.000000000,5,1.1856058835983276,72.03998565673828
2024-01-02T19:00:00.000000000,5,1.2138577699661255,72.04045867919922
2024-01-02T20:00:00.000000000,5,1.2213850021362305,72.03946685791016
2024-01-02T21:00:00.000000000,5,1.2744239568710327,72.03704833984375
2024-01-02T22:00:00.000000000,5,1.3142274618148804,72.03507995605469
2024-01-02T23:00:00.000000000,5,1.3332889080047607,72.03540802001953
2024-01-03T00:00:00.000000000,5,1.4075884819030762,72.03759002685547
